District_Origin,District_Destination,Residents_AM,Residents_MD,Residents_PM,Residents_NT,Visitor_AM,Visitor_MD,Visitor_PM,Visitor_NT,Residents_Daily,Visitors_Daily,Daily
WestRural,WestRural,38469.35547,81663.125,63378.54688,88223.125,935.808289,3717.135498,2132.562012,2874.809082,271734.1563,9660.31543,281394.4688
WestRural,SERural,448.955444,777.905457,566.689392,826.607117,19.265419,56.457363,32.187851,28.325445,2620.157471,136.236084,2756.393555
WestRural,NWRural,43.927536,38.769642,31.04327,54.843884,2.668974,7.174996,3.592862,6.900285,168.58432,20.337116,188.921448
WestRural,SWRural,11.25196,14.091501,12.831181,19.806021,0.256051,1.029728,0.605362,1.851214,57.980663,3.742355,61.723019
WestRural,NorthRural,732.990417,1325.919067,1190.116699,1660.353394,48.056419,115.666916,48.953857,113.707542,4909.379395,326.384735,5235.76416
WestRural,Concord.Kannapolis,7568.836426,10749.37598,7089.745117,9986.233398,183.645477,353.724701,253.135468,532.172974,35394.19141,1322.678711,36716.87109
WestRural,NorthMeck.Mooresville,700.001404,598.350586,409.311646,887.208008,33.508884,38.224598,38.234089,45.541698,2594.871582,155.509262,2750.380859
WestRural,Gastonia,78.638176,105.060097,78.094643,118.900894,6.188938,9.094537,10.605469,13.783031,380.693817,39.671974,420.365784
WestRural,OutsideRoute4,3923.335205,3604.026367,2156.89917,4151.210449,119.397888,206.977692,163.745621,308.120361,13835.4707,798.241577,14633.71289
WestRural,InsideRoute4,1021.596924,679.387573,334.820251,904.062317,24.609842,53.650154,35.189148,89.593811,2939.866943,203.042953,3142.909912
WestRural,RockHill,147.364578,127.764122,105.523773,173.284454,5.312132,10.842439,13.163366,15.837662,553.936951,45.155598,599.092529
WestRural,Monroe,2443.771729,3144.268066,2320.788086,3419.032959,40.320633,149.465775,115.230202,116.248672,11327.86133,421.265289,11749.12598
WestRural,SE_Outer,2327.83667,2882.626709,2264.437988,3081.588135,53.026577,142.286041,73.941948,120.415634,10556.48926,389.670197,10946.15918
WestRural,Statesville,51.183277,43.300125,31.245972,52.651928,0.865338,1.814562,2.598973,5.682831,178.381302,10.961704,189.343002
WestRural,Salisbury,3987.399658,5882.584473,4508.768066,5103.782227,108.849854,295.047302,110.028503,217.745773,19482.53516,731.671448,20214.20703
WestRural,Shelby,6.346509,4.60567,5.442823,11.384389,0.373857,3.213117,0.88388,3.618834,27.77939,8.089687,35.86908
SERural,WestRural,384.951782,661.875305,613.855225,977.477844,13.636444,59.199013,20.992867,24.405056,2638.160156,118.233376,2756.393555
SERural,SERural,4796.889648,9277.970703,7063.283691,9715.610352,264.954529,708.616577,416.210236,528.050293,30853.75391,1917.831543,32771.58594
SERural,NWRural,5.64048,10.73834,5.971328,7.864243,1.34447,0.91423,0.588438,0.628213,30.214392,3.47535,33.689743
SERural,SWRural,15.93977,34.064644,11.051839,37.29055,0.328726,1.164196,1.511243,0.829714,98.346802,3.833879,102.180679
SERural,NorthRural,5.072817,3.176523,4.578424,7.473311,0.978068,0.511532,0.82681,0.882698,20.301075,3.199109,23.500183
SERural,Concord.Kannapolis,39.317833,41.192097,35.287769,71.962051,2.490444,2.156402,3.092761,2.710765,187.75975,10.450372,198.210114
SERural,NorthMeck.Mooresville,22.139704,14.696856,17.434301,37.162262,0.720232,1.053485,1.70279,3.770048,91.433121,7.246555,98.67968
SERural,Gastonia,17.688862,43.507282,15.820695,25.709145,0.497478,0.727661,1.176148,1.255648,102.725983,3.656935,106.382919
SERural,OutsideRoute4,936.458191,927.190552,580.876648,1077.212524,35.153366,43.499363,45.510525,44.447433,3521.737793,168.610687,3690.348633
SERural,InsideRoute4,146.333511,113.661072,51.721596,177.158524,5.677236,8.488808,6.349458,8.68826,488.874695,29.203762,518.078491
SERural,RockHill,1131.735718,1661.19873,1175.752808,1735.943604,65.529022,145.145279,116.058174,84.07785,5704.630859,410.810333,6115.440918
SERural,Monroe,4757.653809,5959.815918,4091.969971,5460.858887,174.20816,278.693817,192.483444,305.533875,20270.29883,950.919312,21221.2168
SERural,SE_Outer,1997.998779,2670.225342,2304.249512,2929.915527,56.813335,142.284439,90.91201,150.732208,9902.389648,440.741974,10343.13086
SERural,Statesville,0.255798,0.911655,1.072601,0.53384,0.040132,0.058702,0.094882,0.101295,2.773894,0.295012,3.068906
SERural,Salisbury,1.224738,1.32349,2.096743,0.465883,0.035024,0.051229,0.082804,0.088401,5.110853,0.257457,5.36831
SERural,Shelby,0.190725,1.456258,0.391746,1.493422,0.029923,0.043769,0.070745,0.075527,3.532151,0.219963,3.752114
NWRural,WestRural,18.347347,47.163895,51.939056,52.56403,2.749221,4.544292,4.335208,7.278398,170.014328,18.90712,188.921448
NWRural,SERural,4.356938,6.925,4.350242,13.556731,1.26013,0.792132,0.389043,2.059524,29.188911,4.50083,33.689743
NWRural,NWRural,38348.71094,85361.82813,61764.28516,88523.53906,1817.879395,5730.585449,2419.154297,3675.554199,273998.375,13643.17285,287641.5313
NWRural,SWRural,288.917053,367.881622,446.787231,448.137329,13.652427,16.109993,24.625357,25.771252,1551.723267,80.159027,1631.882324
NWRural,NorthRural,90.79129,111.66259,122.469536,138.699783,4.160382,7.740824,8.596386,10.913054,463.623199,31.410646,495.033844
NWRural,Concord.Kannapolis,95.87207,119.931473,144.789993,206.929306,3.680096,22.710045,10.130312,17.475096,567.522827,53.995548,621.518372
NWRural,NorthMeck.Mooresville,2811.442871,8536.144531,6456.652832,7352.683105,116.904671,462.143372,237.684601,325.723267,25156.92383,1142.455933,26299.37891
NWRural,Gastonia,8389.866211,11262.44043,7996.010742,11031.37305,143.179306,464.206635,304.090088,414.493591,38679.69141,1325.969604,40005.66016
NWRural,OutsideRoute4,1653.4021,1530.079346,1098.400146,2264.766602,62.188103,109.312241,120.339188,136.386871,6546.648438,428.22641,6974.874512
NWRural,InsideRoute4,862.69519,624.010559,310.171875,812.552551,26.264488,72.640289,28.820204,50.623161,2609.430176,178.348145,2787.77832
NWRural,RockHill,133.898071,128.726227,107.077415,161.224777,14.25293,21.995165,7.932189,12.211257,530.926453,56.391541,587.317993
NWRural,Monroe,5.424038,19.113295,21.698206,30.737461,0.548812,1.352728,1.297513,1.385217,76.973,4.58427,81.557274
NWRural,SE_Outer,37.0424,61.745834,57.815514,56.029697,1.185544,6.147676,4.229892,3.548431,212.633453,15.111543,227.744995
NWRural,Statesville,26.390869,45.392822,25.256884,51.597809,4.836014,6.153407,4.073186,5.666543,148.638382,20.729149,169.367538
NWRural,Salisbury,16.724403,21.723904,17.937637,18.121552,1.03478,2.798919,3.573262,5.810066,74.507492,13.217028,87.724518
NWRural,Shelby,5827.844238,7934.400879,5269.068848,6427.070801,197.760223,481.486725,267.749176,355.2164,25458.38477,1302.212524,26760.59766
SWRural,WestRural,6.394713,16.336071,8.463914,25.098087,1.429327,2.278348,0.833121,0.889435,56.292786,5.430231,61.723019
SWRural,SERural,18.315794,23.48661,20.363415,36.076271,0.347728,1.316066,0.822107,1.452693,98.242088,3.938594,102.180679
SWRural,NWRural,286.068268,360.125916,336.61676,560.094482,8.143315,25.12571,30.037682,25.670177,1542.905396,88.976883,1631.882324
SWRural,SWRural,15955.09668,33506.55859,24443.71289,33305.36719,315.877075,1186.608154,627.55426,1062.106201,107210.7344,3192.145752,110402.8828
SWRural,NorthRural,11.591352,20.222532,4.993616,12.135609,0.269869,25.763994,4.570154,1.228484,48.943111,31.832502,80.775612
SWRural,Concord.Kannapolis,38.921024,23.71246,26.096354,50.177666,0.709175,2.752686,3.174282,6.540982,138.907501,13.177125,152.084625
SWRural,NorthMeck.Mooresville,34.944614,38.126266,18.346394,41.059509,5.722136,7.808392,3.124061,8.018373,132.476791,24.672962,157.14975
SWRural,Gastonia,3275.64502,5361.408203,3184.286621,4751.271484,51.43869,183.155304,115.736572,188.350098,16572.61133,538.680664,17111.29297
SWRural,OutsideRoute4,2024.578003,1602.255737,1107.501831,2205.960938,42.951534,75.312866,58.195057,96.714333,6940.296387,273.173798,7213.470215
SWRural,InsideRoute4,444.599091,253.438705,121.371529,405.438019,4.996477,13.141489,11.621313,35.178722,1224.847412,64.937996,1289.7854
SWRural,RockHill,4712.684082,7257.28418,5857.825195,7400.790039,127.562576,315.944031,182.377548,340.295898,25228.58398,966.180054,26194.76367
SWRural,Monroe,10.229951,7.766465,7.553748,13.001622,0.211878,0.309915,0.500928,0.534787,38.551788,1.557508,40.109295
SWRural,SE_Outer,38.797985,49.055096,25.751978,47.366951,5.301578,4.286303,3.213179,2.657082,160.972,15.458142,176.430145
SWRural,Statesville,0.618277,0.88108,2.365228,3.59703,0.097002,0.141885,0.229334,0.244836,7.461615,0.713057,8.174672
SWRural,Salisbury,5.734377,8.522737,6.42964,5.423532,0.407724,0.596378,0.96395,2.366409,26.110285,4.334461,30.444746
SWRural,Shelby,30.289541,55.439251,46.887276,49.194824,5.320669,3.981149,2.683833,3.650048,181.810898,15.635699,197.446594
NorthRural,WestRural,923.459229,1207.272949,1285.320923,1528.910156,50.622154,98.828873,51.368866,89.981041,4944.963379,290.800934,5235.76416
NorthRural,SERural,2.760642,4.48111,7.313244,5.761345,0.43312,0.633525,1.023991,1.093207,20.316341,3.183843,23.500183
NorthRural,NWRural,94.525627,104.522263,121.472374,136.896744,4.061274,11.256551,10.334969,11.964027,457.417023,37.616821,495.033844
NorthRural,SWRural,5.545056,9.186693,15.048047,23.546347,1.978014,23.214785,0.734483,1.522189,53.326141,27.449469,80.775612
NorthRural,NorthRural,15290.00098,26956.64844,21708.39258,34382.25781,1021.927429,4184.64502,1071.435181,1656.851563,98337.30469,7934.859375,106272.1641
NorthRural,Concord.Kannapolis,2532.108643,4335.532227,3269.952881,4442.973633,54.692886,146.961029,104.657967,163.916489,14580.56738,470.228363,15050.7959
NorthRural,NorthMeck.Mooresville,5344.530762,7817.314453,5334.769043,7280.914551,167.290848,351.064392,218.329666,353.261383,25777.5293,1089.946289,26867.47461
NorthRural,Gastonia,28.26284,117.96521,109.064354,79.244926,2.477893,24.85067,6.522032,9.357696,334.537323,43.20829,377.745605
NorthRural,OutsideRoute4,551.195618,625.583618,489.168457,924.750244,27.484438,60.142094,59.939713,70.942444,2590.697998,218.508682,2809.206543
NorthRural,InsideRoute4,185.783676,184.647446,120.226044,212.001694,9.102399,13.298149,12.802521,18.204468,702.658875,53.407536,756.066406
NorthRural,RockHill,26.880451,50.131706,44.968014,54.159046,2.442892,18.920065,7.004403,8.407526,176.139221,36.774887,212.914108
NorthRural,Monroe,7.094884,16.834377,19.122467,23.101309,1.419046,2.124577,1.665823,2.325969,66.153038,7.535415,73.688446
NorthRural,SE_Outer,24.446583,28.675774,44.839394,78.173904,3.582911,4.225949,4.934153,4.057436,176.135651,16.800449,192.936111
NorthRural,Statesville,6558.992676,11351.16211,7509.779785,10748.51074,274.593384,716.512634,449.047272,625.925415,36168.44531,2066.078613,38234.52344
NorthRural,Salisbury,3661.581055,5954.622559,4067.978271,5576.804688,91.198288,299.12915,134.625565,224.462296,19260.98633,749.415283,20010.40234
NorthRural,Shelby,3.41706,5.700244,2.505518,5.353396,0.191381,0.279933,0.452468,0.483052,16.976219,1.406834,18.383053
Concord.Kannapolis,WestRural,3572.818115,9430.44043,9973.285156,12326.76367,159.226547,427.049011,320.390167,506.896362,35303.30859,1413.562134,36716.87109
Concord.Kannapolis,SERural,28.178902,42.104118,53.413494,56.118114,5.344388,6.414819,3.20158,3.434705,179.814621,18.395491,198.210114
Concord.Kannapolis,NWRural,100.963272,159.569763,124.020683,196.391876,8.383284,11.950113,8.783046,11.456339,580.945618,40.572781,621.518372
Concord.Kannapolis,SWRural,12.306012,25.817455,39.495983,65.939903,1.524101,2.028116,2.69185,2.281209,143.559357,8.525275,152.084625
Concord.Kannapolis,NorthRural,1562.826416,3868.672852,3831.911865,5350.109375,50.785133,131.221893,97.148132,158.12027,14613.52051,437.275421,15050.7959
Concord.Kannapolis,Concord.Kannapolis,65316.89453,152089.2188,103409.6016,147121.375,1830.140137,6615.956543,3589.887207,5687.257813,467937.0938,17723.24219,485660.3438
Concord.Kannapolis,NorthMeck.Mooresville,4644.237305,7583.786133,6373.222168,9474.880859,120.643326,364.482574,284.458496,385.224731,28076.12695,1154.809082,29230.93555
Concord.Kannapolis,Gastonia,267.880646,367.999481,368.999939,454.782898,16.430788,37.623867,24.304783,40.170723,1459.662964,118.530159,1578.193115
Concord.Kannapolis,OutsideRoute4,10263.7002,16394.05859,11314.80469,20812.75586,375.755371,820.355225,609.063721,985.448486,58785.32031,2790.622803,61575.94141
Concord.Kannapolis,InsideRoute4,3143.267578,2651.688721,1584.229614,3563.870117,91.650307,268.777466,175.871582,395.999237,10943.05566,932.298645,11875.35449
Concord.Kannapolis,RockHill,179.331284,199.243912,149.014862,293.5,9.479868,24.590935,18.792377,25.015526,821.090027,77.878708,898.96875
Concord.Kannapolis,Monroe,204.129211,181.01799,113.463112,202.786362,4.061001,26.75038,11.281469,15.646658,701.396667,57.739506,759.136169
Concord.Kannapolis,SE_Outer,481.734924,655.06073,614.618835,758.450317,30.281366,31.279814,23.407814,38.900547,2509.864746,123.869537,2633.734375
Concord.Kannapolis,Statesville,90.33876,64.741852,47.360764,79.213104,1.73658,4.205855,5.221894,6.718674,281.65448,17.883003,299.537476
Concord.Kannapolis,Salisbury,2339.685059,3975.664063,3140.194824,5132.39502,87.272133,242.493973,158.360962,301.451202,14587.93848,789.578247,15377.5166
Concord.Kannapolis,Shelby,15.183919,11.410766,17.975779,12.734957,1.657433,3.753687,0.94964,1.616021,57.30542,7.976781,65.282204
NorthMeck.Mooresville,WestRural,377.664642,624.945679,881.333435,720.539673,13.477944,30.123833,44.825748,57.469994,2604.483398,145.897522,2750.380859
NorthMeck.Mooresville,SERural,7.204626,23.350689,33.747936,25.816895,0.694491,2.735923,2.276031,2.853091,90.12014,8.559536,98.67968
NorthMeck.Mooresville,NWRural,4634.506836,8540.119141,5548.115723,6416.71582,94.339188,459.090454,231.256607,375.235687,25139.45703,1159.921997,26299.37891
NorthMeck.Mooresville,SWRural,10.465798,32.277573,36.261482,53.723309,2.517994,6.374859,4.228197,11.300533,132.728165,24.421583,157.14975
NorthMeck.Mooresville,NorthRural,3081.832764,7072.514648,6783.241699,8873.40332,81.279106,386.612671,258.339691,330.251099,25810.99219,1056.482544,26867.47461
NorthMeck.Mooresville,Concord.Kannapolis,4504.387695,8291.756836,7499.847168,7705.771484,152.350998,398.090881,295.031067,383.698975,28001.76367,1229.171997,29230.93555
NorthMeck.Mooresville,NorthMeck.Mooresville,89446.90625,209418.7656,141651.4531,175484.5156,2794.626709,11033.29492,4939.996582,7651.541504,616001.625,26419.45898,642421.0625
NorthMeck.Mooresville,Gastonia,1158.566162,2161.604004,2006.634521,2790.818115,34.464897,58.823132,57.146286,84.69136,8117.622559,235.125671,8352.748047
NorthMeck.Mooresville,OutsideRoute4,10002.99902,18968.08203,14245.36914,20323.91602,315.258881,845.980713,623.404053,959.719482,63540.36719,2744.363037,66284.72656
NorthMeck.Mooresville,InsideRoute4,4463.166016,3599.379395,2162.08667,3884.949707,77.573013,135.954926,169.201126,239.386505,14109.58203,622.115601,14731.69727
NorthMeck.Mooresville,RockHill,167.100128,283.687439,255.427811,321.238434,14.446668,27.402876,20.041027,29.688656,1027.453857,91.579224,1119.033081
NorthMeck.Mooresville,Monroe,52.464748,75.098778,78.240211,87.908478,5.015979,10.862107,4.457678,5.900587,293.712219,26.236351,319.948578
NorthMeck.Mooresville,SE_Outer,167.431946,331.588959,358.453186,391.026825,7.317443,17.899214,20.00935,21.216148,1248.500977,66.442154,1314.943115
NorthMeck.Mooresville,Statesville,1110.146484,1704.347046,1192.088501,1562.985474,23.116467,86.302498,74.247276,85.320564,5569.567383,268.986816,5838.554199
NorthMeck.Mooresville,Salisbury,552.098938,806.794067,791.572327,676.304382,31.372229,70.922508,37.283291,54.546005,2826.769775,194.124023,3020.893799
NorthMeck.Mooresville,Shelby,13.734973,27.465664,10.728127,14.497946,0.948111,2.303585,0.937799,1.001188,66.426712,5.190682,71.617393
Gastonia,WestRural,55.956749,100.571091,99.436394,129.291885,4.557024,11.283138,9.781374,9.488132,385.256134,35.109669,420.365784
Gastonia,SERural,10.627136,16.115601,33.108566,41.547157,0.504116,0.737371,1.191842,2.551131,101.39846,4.984459,106.382919
Gastonia,NWRural,3821.594238,10852.50195,10630.54492,13467.97559,134.495499,440.012634,256.607208,401.928558,38772.61719,1233.043945,40005.66016
Gastonia,SWRural,1574.046997,4550.408691,4453.41748,6031.214355,78.450874,157.724136,102.762825,163.26683,16609.08789,502.204681,17111.29297
Gastonia,NorthRural,62.797699,92.332901,53.151077,132.793961,3.58955,18.331499,7.158227,7.590712,341.075623,36.669987,377.745605
Gastonia,Concord.Kannapolis,279.343231,361.430023,327.497711,481.455139,12.189466,42.133198,28.697872,45.446453,1449.726074,128.46698,1578.193115
Gastonia,NorthMeck.Mooresville,1363.763184,2270.128418,1983.990112,2492.135254,54.788898,53.134708,46.327297,88.480698,8110.016602,242.731598,8352.748047
Gastonia,Gastonia,72669.70313,178748.2969,120522.8281,174281.3594,1663.335449,5877.005371,2993.268555,4267.740723,546222.1875,14801.35059,561023.5
Gastonia,OutsideRoute4,7887.406738,9065.432617,6212.645508,12384.7793,281.013855,529.926086,505.340088,605.043884,35550.26563,1921.323975,37471.58594
Gastonia,InsideRoute4,4057.28125,3439.538818,1647.042236,3753.679688,135.953461,214.677963,152.98941,258.464172,12897.54199,762.085022,13659.62695
Gastonia,RockHill,732.800903,1375.628418,1334.57019,1641.618774,32.69878,83.376144,55.24852,88.025467,5084.618164,259.348907,5343.967285
Gastonia,Monroe,34.297634,44.359509,34.973019,77.501488,1.591053,3.638979,2.455882,2.621885,191.131653,10.307799,201.439453
Gastonia,SE_Outer,133.610275,173.70787,155.640152,203.883881,8.816335,11.060002,10.982562,16.183146,666.842163,47.042046,713.884216
Gastonia,Statesville,16.6782,13.073011,19.106466,26.189011,1.506176,2.496165,2.257325,3.508455,75.046684,9.768121,84.814812
Gastonia,Salisbury,55.44091,82.192642,44.294922,83.783195,5.032039,9.003613,8.930477,10.957739,265.71167,33.92387,299.635529
Gastonia,Shelby,553.911682,1162.562988,800.057129,999.604187,16.191774,56.941093,35.63203,69.00174,3516.135986,177.766647,3693.902588
OutsideRoute4,WestRural,1467.835205,3452.32373,4292.391602,4683.675781,69.882828,198.410385,175.30603,293.886993,13896.22656,737.486267,14633.71289
OutsideRoute4,SERural,308.513611,845.664612,1065.799194,1306.662476,19.003607,32.086079,48.858753,63.760208,3526.639893,163.708649,3690.348633
OutsideRoute4,NWRural,815.534851,1570.327271,1965.391602,2257.294678,48.480057,84.727547,108.457489,124.661179,6608.54834,366.326263,6974.874512
OutsideRoute4,SWRural,486.384552,1439.01355,2249.598145,2774.466309,27.622404,85.752914,63.745174,86.88726,6949.462402,264.007751,7213.470215
OutsideRoute4,NorthRural,415.885956,635.021545,749.130066,791.476257,27.247108,72.696503,51.774418,65.974785,2591.513916,217.692825,2809.206543
OutsideRoute4,Concord.Kannapolis,7665.819824,16876.29883,15295.76172,19123.17188,268.789581,805.768066,559.348694,980.983826,58961.05078,2614.890137,61575.94141
OutsideRoute4,NorthMeck.Mooresville,12527.7793,17363.35156,14235.40234,19401.51172,303.670349,765.653564,632.126465,1055.235229,63528.04297,2756.685791,66284.72656
OutsideRoute4,Gastonia,4664.47998,9336.65918,9588.977539,12079.16602,211.530075,533.600037,479.947937,577.227112,35669.28125,1802.305176,37471.58594
OutsideRoute4,OutsideRoute4,295024.9688,677098,433635.4688,677673.75,10770.8916,34210.58203,18587.10547,32405.86133,2083432.125,95974.44531,2179406.5
OutsideRoute4,InsideRoute4,68473.91406,97320.83594,52362.24219,95739.03906,2060.4375,4621.032227,3119.0271,5425.770996,313896.0313,15226.26758,329122.2813
OutsideRoute4,RockHill,11242.89648,22362.86328,21771.67773,26322.4082,494.006287,1204.727051,858.3797,1366.24707,81699.84375,3923.360107,85623.20313
OutsideRoute4,Monroe,1037.771851,2133.592773,1871.925537,2538.484375,68.736198,107.428902,103.174118,171.322418,7581.774414,450.661652,8032.436035
OutsideRoute4,SE_Outer,11448.89258,31222.57422,26900.11719,35139.75,286.552795,1038.405396,717.957581,1232.218872,104711.3359,3275.134766,107986.4688
OutsideRoute4,Statesville,110.168983,155.508453,133.482056,194.801254,5.228522,24.702511,13.23653,15.169521,593.960754,58.337082,652.297852
OutsideRoute4,Salisbury,631.7547,890.764587,711.028259,998.560425,32.647415,96.931984,69.740044,102.751503,3232.10791,302.070953,3534.178955
OutsideRoute4,Shelby,82.80114,145.24791,119.807671,173.58136,7.960427,21.595882,18.302677,19.013285,521.438049,66.872276,588.310364
InsideRoute4,WestRural,192.846252,648.46167,1046.636719,1052.804321,23.528658,48.997169,46.221012,83.414291,2940.748779,202.161133,3142.909912
InsideRoute4,SERural,40.390652,99.56675,131.569336,219.303574,1.64654,8.063763,6.522795,11.015046,490.830322,27.248142,518.078491
InsideRoute4,NWRural,181.550232,543.426636,983.855774,899.047119,11.922278,30.397705,50.351891,87.226677,2607.879883,179.898544,2787.77832
InsideRoute4,SWRural,77.781921,266.650482,472.140228,417.78009,13.386525,8.279255,13.356209,20.410641,1234.352661,55.432629,1289.7854
InsideRoute4,NorthRural,47.906746,137.452805,207.476334,280.000824,5.976291,16.319859,31.012598,29.920938,672.836731,83.229683,756.066406
InsideRoute4,Concord.Kannapolis,798.374512,2745.122314,3630.66333,3821.251221,72.945641,253.494354,194.337158,359.166046,10995.41113,879.943176,11875.35449
InsideRoute4,NorthMeck.Mooresville,1292.951538,3279.582275,4560.711914,5022.936035,65.324539,143.609833,132.643372,233.938248,14156.18164,575.515991,14731.69727
InsideRoute4,Gastonia,768.689514,3174.085693,4512.379395,4525.625977,74.849266,143.499985,236.554382,223.942749,12980.78125,678.846375,13659.62695
InsideRoute4,OutsideRoute4,32208.53125,93396.64844,79406.75,109276.7031,1481.907227,4587.707031,3371.102783,5392.949219,314288.625,14833.66699,329122.2813
InsideRoute4,InsideRoute4,61253.87891,164015.9844,88318.90625,140319.7813,3126.748535,9186.904297,4804.801758,9682.811523,453908.5625,26801.26563,480709.8125
InsideRoute4,RockHill,864.051392,2084.27832,3269.890869,3539.500732,52.177673,158.759933,111.272751,212.996902,9757.72168,535.207275,10292.92871
InsideRoute4,Monroe,90.480873,280.40152,252.37767,310.021942,6.636243,16.95857,14.136334,20.345381,933.282043,58.076527,991.358521
InsideRoute4,SE_Outer,708.299622,2176.799805,3201.247803,3231.974121,34.731426,88.925941,110.038742,146.488632,9318.321289,380.184753,9698.505859
InsideRoute4,Statesville,13.618514,41.703377,61.837524,51.400566,1.415772,4.286742,4.455097,5.784764,168.559982,15.942375,184.50235
InsideRoute4,Salisbury,105.442734,238.036896,250.361191,290.267548,10.313368,30.910326,31.585899,42.82687,884.108398,115.636467,999.744812
InsideRoute4,Shelby,22.757561,69.82193,59.201164,73.626106,2.627001,8.189341,3.909206,7.176186,225.406754,21.901733,247.308487
RockHill,WestRural,75.727524,111.460075,183.031189,179.170151,4.30252,11.944632,13.075341,20.381088,549.388916,49.703583,599.092529
RockHill,SERural,766.111267,1573.7229,1485.338745,1979.05896,30.903934,126.402809,70.595566,83.306931,5804.231934,311.209229,6115.440918
RockHill,NWRural,74.496437,106.461037,181.566177,181.271561,4.177833,11.184435,10.619404,17.54113,543.795227,43.5228,587.317993
RockHill,SWRural,3159.230225,6445.066895,6876.453125,8780.958008,99.24247,318.257294,252.346817,263.208771,25261.70898,933.055359,26194.76367
RockHill,NorthRural,43.228474,41.324425,32.32909,57.929031,3.009559,17.297344,5.743902,12.052278,174.81102,38.103085,212.914108
RockHill,Concord.Kannapolis,86.282219,216.131882,241.745331,272.106049,6.421152,24.285013,18.506687,33.490398,816.265503,82.703255,898.96875
RockHill,NorthMeck.Mooresville,240.871445,255.804565,222.631378,300.197235,18.688459,28.31781,24.873631,27.648506,1019.504639,99.528404,1119.033081
RockHill,Gastonia,871.175537,1404.119629,1212.555786,1578.42627,42.079948,71.159882,76.381866,88.068176,5066.277344,277.68988,5343.967285
RockHill,OutsideRoute4,16804.20313,23689.72461,16749.15234,24617.23242,487.027588,1163.977539,828.209167,1283.678223,81860.3125,3762.892578,85623.20313
RockHill,InsideRoute4,3088.217773,2551.310059,1268.911499,2813.912354,70.090401,169.046051,106.1371,225.303467,9722.351563,570.577026,10292.92871
RockHill,RockHill,76402.375,171740.3125,123408.1641,156854.25,3286.864502,11274.88379,5561.186035,7065.089844,528405.125,27188.02344,555593.125
RockHill,Monroe,80.608299,185.549927,161.304214,209.072739,8.87067,11.771978,19.086695,12.669981,636.535156,52.399326,688.934509
RockHill,SE_Outer,929.249939,2088.275635,2060.634277,2213.292725,30.832684,84.849068,66.666542,113.519981,7291.452637,295.868286,7587.320801
RockHill,Statesville,5.035374,9.948301,12.049561,16.519157,0.44562,1.748081,1.053545,1.674133,43.552395,4.921379,48.473774
RockHill,Salisbury,18.274418,45.748959,32.039227,26.475746,1.264973,3.779754,2.990677,6.948378,122.538345,14.983782,137.522125
RockHill,Shelby,31.23452,21.800785,13.942739,30.384253,0.42563,1.280202,1.556206,1.074302,97.362297,4.33634,101.698639
Monroe,WestRural,913.039185,2932.26709,3184.973633,4289.762207,57.036915,121.250778,93.64035,157.155762,11320.04297,429.083801,11749.12598
Monroe,SERural,1865.935547,5765.713379,5534.092773,7201.806641,88.143791,219.803314,260.625977,285.096344,20367.54883,853.669434,21221.2168
Monroe,NWRural,24.09786,15.944615,14.862889,20.19943,0.529784,2.431219,1.252527,2.238945,75.104797,6.452474,81.557266
Monroe,SWRural,4.957316,4.998502,8.977098,17.958855,0.188797,1.556307,0.99589,0.47653,36.891769,3.217524,40.109295
Monroe,NorthRural,21.062744,9.822604,11.290462,22.393248,0.778834,2.336207,2.9353,3.069049,64.569061,9.11939,73.688446
Monroe,Concord.Kannapolis,99.664909,169.780029,201.410797,240.307007,3.960786,19.54385,11.462939,13.005865,711.16272,47.973438,759.136169
Monroe,NorthMeck.Mooresville,76.603394,64.983528,79.633247,73.487213,3.026747,4.591689,4.86641,12.756345,294.707397,25.241192,319.948578
Monroe,Gastonia,24.971079,44.785877,49.722057,64.709427,1.268499,8.67591,2.999015,4.307588,184.188446,17.251011,201.439453
Monroe,OutsideRoute4,1417.175049,2010.128174,1625.965576,2529.996582,66.030167,127.84771,100.373154,154.919769,7583.265625,449.170807,8032.436035
Monroe,InsideRoute4,238.692184,214.348984,151.948944,320.564911,10.541559,14.789506,10.971923,29.500507,925.555054,65.803497,991.358521
Monroe,RockHill,129.118393,134.157898,168.509018,209.291931,4.920914,8.449483,16.214878,18.271976,641.077271,47.85725,688.934509
Monroe,Monroe,14484.61035,41802.76953,25179.62695,37050.57813,655.97406,3105.67334,1129.623169,1461.666504,118517.5859,6352.937012,124870.5234
Monroe,SE_Outer,5324.574219,9735.376953,7933.657227,9930.630859,224.399277,391.458252,268.13974,261.632874,32924.23828,1145.630127,34069.86719
Monroe,Statesville,5.206964,3.637307,2.791893,4.304917,0.129501,0.189421,0.306168,0.874736,15.941081,1.499826,17.440907
Monroe,Salisbury,11.146955,19.645678,13.454625,25.701605,0.722242,1.056424,1.707541,1.822961,69.94886,5.309168,75.258026
Monroe,Shelby,2.186014,1.869686,2.211108,1.133667,0.085225,0.918183,0.201492,0.215112,7.400475,1.420013,8.820488
SE_Outer,WestRural,1187.209106,2755.991211,2926.162598,3699.144775,38.61956,129.339905,86.260307,123.432091,10568.50781,377.651855,10946.15918
SE_Outer,SERural,1325.59375,2562.169922,2672.310547,3417.06958,33.858288,105.739853,107.526535,118.862854,9977.143555,365.987518,10343.13086
SE_Outer,NWRural,48.772449,49.609364,33.8437,83.737373,0.964585,3.067622,4.764277,2.98562,215.962891,11.782103,227.744995
SE_Outer,SWRural,21.856712,39.016891,42.4123,57.773018,0.700359,3.389088,5.715824,5.565953,161.058929,15.371223,176.430145
SE_Outer,NorthRural,41.350792,38.992088,30.662851,59.298573,7.911003,4.619069,5.266145,4.835581,170.304306,22.631798,192.936111
SE_Outer,Concord.Kannapolis,500.902863,635.898987,607.669434,755.733948,12.66064,31.502592,32.653873,56.712055,2500.205322,133.52916,2633.734375
SE_Outer,NorthMeck.Mooresville,279.575043,298.422791,227.437988,437.765839,7.616263,25.951715,15.892108,22.281322,1243.20166,71.741409,1314.943115
SE_Outer,Gastonia,112.915131,167.841202,157.673447,234.218735,4.729771,13.355385,11.118835,12.03171,672.648499,41.235703,713.884216
SE_Outer,OutsideRoute4,20258.9375,34199.60156,21384.11719,28654.95898,463.855316,1154.399658,671.835693,1198.762939,104497.6172,3488.853516,107986.4688
SE_Outer,InsideRoute4,3278.812256,2293.943115,1203.04248,2502.345947,71.3964,120.172554,90.457748,138.335938,9278.143555,420.36264,9698.505859
SE_Outer,RockHill,1446.174805,2251.29126,1570.55127,1983.796875,31.451937,122.335915,78.307426,103.411499,7251.813965,335.506775,7587.320801
SE_Outer,Monroe,5178.719238,10518.19238,8417.780273,8786.493164,83.500397,400.862122,254.481827,429.840454,32901.18359,1168.684814,34069.87109
SE_Outer,SE_Outer,45046.50781,95327.13281,69238.00781,81021.625,875.231201,2998.142822,1403.808105,2116.403076,290633.2813,7393.585449,298026.8438
SE_Outer,Statesville,2.561934,12.039933,9.81955,7.572529,0.22977,0.336085,0.543228,1.676991,31.993946,2.786074,34.780022
SE_Outer,Salisbury,67.737419,82.083763,20.122669,41.33374,1.078626,5.32947,2.550111,2.722484,211.277588,11.68069,222.958282
SE_Outer,Shelby,8.617348,8.110399,7.595666,9.63436,0.162792,0.238116,0.384877,0.410892,33.957775,1.196678,35.154449
Statesville,WestRural,15.18113,29.750217,49.715252,81.841011,1.523528,4.765714,2.224297,4.341848,176.48761,12.855387,189.343002
Statesville,SERural,0.25575,0.91209,0.525305,1.080805,0.040125,0.058691,0.094864,0.101276,2.77395,0.294956,3.068906
Statesville,NWRural,17.529196,28.480995,47.509079,52.574085,2.96135,6.362688,7.714559,6.235578,146.093353,23.274176,169.367538
Statesville,SWRural,0.491425,0.700309,3.201029,2.667516,0.0771,0.112775,0.729914,0.194603,7.060279,1.114392,8.174672
Statesville,NorthRural,4189.358398,10299.71387,9541.491211,12369.26465,220.409729,683.100952,365.181122,566.004333,36399.82813,1834.696167,38234.52344
Statesville,Concord.Kannapolis,23.156038,64.287178,102.480949,93.468727,3.741457,3.365221,4.989478,4.048441,283.392883,16.144598,299.537476
Statesville,NorthMeck.Mooresville,782.608643,1591.774292,1625.023804,1588.821899,44.79364,69.217354,54.597008,81.717766,5588.228516,250.32576,5838.554199
Statesville,Gastonia,7.565766,18.586094,22.157196,25.93482,0.841047,3.42465,2.537492,3.767741,74.243881,10.57093,84.814812
Statesville,OutsideRoute4,99.905243,176.696747,143.080338,173.227249,6.744117,19.186161,11.93385,21.52412,592.909546,59.388248,652.297852
Statesville,InsideRoute4,35.685555,44.785389,18.94463,71.940498,1.777883,3.32291,2.793838,5.251648,171.356079,13.146279,184.50235
Statesville,RockHill,10.778818,9.152045,13.142209,10.381951,0.458957,1.219372,1.633238,1.707182,43.455025,5.018749,48.473774
Statesville,Monroe,2.039979,3.061126,4.128351,7.123338,0.148023,0.216514,0.34996,0.373615,16.352795,1.088113,17.440907
Statesville,SE_Outer,7.149729,8.24608,6.784832,8.055218,0.765426,1.407129,0.501203,1.870402,30.235861,4.54416,34.780022
Statesville,Statesville,12637.28516,34791.99219,21310.02148,29586.32813,855.815125,3271.360352,1344.812988,1534.154175,98325.625,7006.142578,105331.7656
Statesville,Salisbury,74.200737,142.67981,137.144104,152.004578,3.247705,21.230862,8.430366,9.2168,506.029236,42.125732,548.154968
Statesville,Shelby,0.497359,1.805471,1.570139,3.781326,0.62651,0.114136,0.184483,0.196953,7.654295,1.122083,8.776378
Salisbury,WestRural,2760.324951,5486.51416,5233.32373,6016.472168,72.42514,243.680237,174.866043,226.599487,19496.63477,717.570923,20214.20703
Salisbury,SERural,0.606266,0.863964,1.245259,1.265252,0.095118,0.139129,0.224879,0.928443,3.980742,1.387569,5.36831
Salisbury,NWRural,13.01092,14.795497,20.393656,27.81044,2.80384,2.591007,1.767135,4.552029,76.010513,11.71401,87.724525
Salisbury,SWRural,2.068679,5.29909,7.546589,10.289865,0.324557,0.47473,1.588918,2.852318,25.204224,5.240522,30.444746
Salisbury,NorthRural,2264.752197,5140.817871,4751.611328,7113.973145,77.474327,300.687866,169.744202,191.340942,19271.1543,739.247375,20010.40234
Salisbury,Concord.Kannapolis,2341.653076,4320.915039,3644.435059,4226.895996,89.805885,293.356293,224.964508,235.490784,14533.89941,843.617432,15377.5166
Salisbury,NorthMeck.Mooresville,500.149506,649.093628,695.704163,980.667297,21.709799,60.261349,27.303518,86.004448,2825.614502,195.279114,3020.893799
Salisbury,Gastonia,21.282415,51.886768,73.898026,114.701233,4.505937,14.76973,11.100424,7.490995,261.768433,37.867085,299.635529
Salisbury,OutsideRoute4,499.8526,843.269714,764.509216,1104.553467,53.38686,96.943115,79.391937,92.272011,3212.185059,321.993927,3534.178955
Salisbury,InsideRoute4,166.842987,298.206238,143.548309,282.037109,20.332558,25.17,27.026464,36.581169,890.634644,109.110191,999.744812
Salisbury,RockHill,15.720453,27.341158,29.524673,38.341911,3.234928,11.651842,2.415295,9.291868,110.928192,26.593933,137.522125
Salisbury,Monroe,5.240381,15.187384,13.904462,34.021172,0.654851,0.957852,1.548215,3.743715,68.353394,6.904633,75.258026
Salisbury,SE_Outer,10.032245,61.661652,78.499985,56.061501,3.801315,4.876398,2.839092,5.186095,206.255386,16.702898,222.958282
Salisbury,Statesville,64.500839,135.300308,104.228577,198.002274,4.865868,19.107967,13.486446,8.662679,502.031982,46.122959,548.154968
Salisbury,Salisbury,15484.28223,42878.41016,26820.87891,38471.72266,899.138184,2967.844238,1477.332886,1680.307983,123655.2891,7024.623535,130679.9141
Salisbury,Shelby,0.528789,0.753554,2.571063,4.550722,0.082962,1.040838,0.196141,0.964815,8.404128,2.284755,10.688883
Shelby,WestRural,2.662623,6.870297,10.231418,11.015247,0.417741,2.08296,0.987634,1.601157,30.779585,5.089492,35.86908
Shelby,SERural,0.119815,2.450593,0.793475,0.250049,0.018798,0.027496,0.044442,0.047446,3.613932,0.138182,3.752114
Shelby,NWRural,2440.143799,7119.689453,7359.228516,8624.707031,145.417908,391.72583,260.855164,418.828918,25543.76953,1216.827881,26760.59766
Shelby,SWRural,22.63364,52.825798,46.247726,59.457756,2.274139,4.546717,3.372879,6.087936,181.164917,16.281672,197.446594
Shelby,NorthRural,2.281802,2.446527,3.536566,7.052224,0.733771,0.874195,0.440321,1.017647,15.317119,3.065934,18.383053
Shelby,Concord.Kannapolis,12.24054,20.549818,10.086642,15.071914,0.587988,2.615304,1.390135,2.739861,57.948914,7.333287,65.282204
Shelby,NorthMeck.Mooresville,4.854171,13.046065,19.73826,27.090208,0.486418,1.266407,1.701451,3.434412,64.728706,6.888689,71.617393
Shelby,Gastonia,524.957886,1104.497803,889.185303,1001.412109,17.145464,41.35677,34.968956,80.378342,3520.052979,173.849518,3693.902588
Shelby,OutsideRoute4,61.581055,148.421341,111.752296,188.580872,12.311422,20.537695,15.927024,29.198637,510.335571,77.974777,588.310364
Shelby,InsideRoute4,42.710281,84.814156,42.265038,56.49419,2.799232,3.843109,3.93656,10.445926,226.283661,21.024826,247.308487
Shelby,RockHill,6.544415,24.679125,31.656364,33.78326,0.3841,2.218601,0.908098,1.524678,96.663162,5.035478,101.698639
Shelby,Monroe,0.512254,1.55139,1.052159,3.197425,0.080368,0.117554,0.190008,2.119329,6.313228,2.507259,8.820487
Shelby,SE_Outer,5.004353,5.981941,9.355437,11.431326,0.228638,0.882582,0.540551,1.729624,31.773056,3.381394,35.154449
Shelby,Statesville,0.284192,3.422105,1.132163,3.061383,0.044587,0.065218,0.105414,0.661316,7.899843,0.876535,8.776378
Shelby,Salisbury,0.962126,1.371085,3.46113,3.784923,0.150949,0.220793,0.356877,0.381,9.579265,1.109618,10.688883
Shelby,Shelby,7829.974609,24821.3125,14954.00781,19074.67383,452.054901,1653.121338,691.700806,713.670227,66679.96875,3510.547363,70190.51563
