ZONE,MODE,TRIPS
1,AUTO,7218.92936
2,AUTO,3668.04558
2,BIKE,1620.59396
3,AUTO,40966.3886300001
3,SCHOOL_BUS,6977.00954
3,TRANSIT,243.68949
4,AUTO,2595.40904
4,BIKE,182.37893
5,AUTO,3562.96544
6,AUTO,527.96218
7,AUTO,4386.71522
8,AUTO,5167.54193
9,AUTO,2291.1547
10,AUTO,321.48336
11,AUTO,9992.52234
11,BIKE,1620.59396
12,AUTO,2807.91552
13,AUTO,1792.73186
13,WALK,398.02624
14,AUTO,28389.37562
14,SCHOOL_BUS,6977.00954
15,AUTO,7838.59137
16,AUTO,22365.88727
17,AUTO,23346.86519
18,AUTO,2894.11001
19,AUTO,10110.95532
20,AUTO,429.46221
21,AUTO,556.06527
22,AUTO,280.7832
23,AUTO,9041.49509
24,AUTO,1003.31965
24,WALK,282.77182
25,AUTO,457.28335
26,AUTO,323.15919
26,WALK,2833.52874
27,AUTO,10743.60265
28,AUTO,652.64674
29,AUTO,870.97012
29,TRANSIT,243.68949
29,WALK,694.31758
30,AUTO,10927.04726
30,BIKE,136.43902
31,AUTO,582.50041
31,WALK,197.1748
32,AUTO,2328.27588
33,AUTO,241.86869
34,AUTO,23588.64128
34,OTHER,154.33716
35,AUTO,10573.89309
35,BIKE,37.37801
35,WALK,73.74075
36,AUTO,31948.67587
36,WALK,73.74075
37,AUTO,8432.55729
37,WALK,255.14607
38,AUTO,19461.7812
39,AUTO,573.10502
40,AUTO,1388.25369
41,AUTO,10262.33497
41,SCHOOL_BUS,1566.14114
42,AUTO,7495.83362
43,AUTO,1794.56689
44,AUTO,2569.57238
44,WALK,268.96274
45,AUTO,2049.94806
47,AUTO,19.39896
48,AUTO,22.72942
49,AUTO,2086.57378
50,AUTO,1595.0541
50,SCHOOL_BUS,1612.5146
51,AUTO,991.55251
51,SCHOOL_BUS,98.955
51,WALK,115.95422
52,AUTO,18.28362
53,AUTO,19390.09445
53,SCHOOL_BUS,98.955
53,WALK,36.56722
54,AUTO,21802.92613
54,TRANSIT,268.96274
54,WALK,268.96274
55,AUTO,391.76315
55,WALK,445.2036
56,AUTO,14668.85448
56,OTHER,18.39314
57,AUTO,7758.07375
57,TRANSIT,268.96274
57,WALK,806.88822
58,AUTO,796.92477
59,AUTO,3130.45342
60,AUTO,7574.80581
61,AUTO,2206.39109
61,WALK,115.95422
62,AUTO,2965.22914
62,BIKE,98.30453
62,WALK,106.16413
63,AUTO,5092.20579
63,SCHOOL_BUS,1566.14114
63,WALK,203.56752
64,AUTO,1276.61791
64,WALK,196.60906
65,AUTO,9752.7085
65,OTHER,98.30453
65,SHUTTLE_VANPOOL,82.94075
65,TRANSIT,1075.85096
65,WALK,2386.32756
66,AUTO,5681.2914
66,SHUTTLE_VANPOOL,82.94075
68,AUTO,18401.2248
69,AUTO,498.89336
69,WALK,635.49993
71,AUTO,459.88629
71,TRANSIT,268.96274
71,WALK,537.92548
72,AUTO,15080.16782
72,BIKE,22.87935
72,TNC,148.41916
72,TRANSIT,268.96274
73,AUTO,3684.38087
74,AUTO,1504.5914
75,AUTO,15890.81861
76,AUTO,8479.06946
76,TRANSIT,287.43914
76,WALK,544.08428
77,AUTO,5867.26477
77,TRANSIT,268.96274
77,WALK,277.17338
78,AUTO,4135.89614
78,SHUTTLE_VANPOOL,827.54962
78,TNC,209.76923
79,AUTO,5934.22777
80,AUTO,9437.80987
80,SCHOOL_BUS,1292.59998
80,WALK,5247.7459
81,AUTO,15333.45401
81,SCHOOL_BUS,2518.99993
81,WALK,633.5615
82,AUTO,2139.07778
83,AUTO,5079.22685
83,WALK,279.32045
84,AUTO,20612.89481
84,TAXI_NOT_TNC,104.93224
84,WALK,27258.6508
85,AUTO,24905.06917
85,WALK,1257.26072
86,AUTO,70537.90715
86,BIKE,85.02834
86,WALK,866.98071
87,AUTO,4002.03801
88,AUTO,1852.35709
89,AUTO,537.39454
90,AUTO,15843.8676
91,AUTO,14903.03361
91,SCHOOL_BUS,1894.74111
91,WALK,4250.20345
92,AUTO,7109.82684
92,WALK,568.39617
93,AUTO,32306.11167
94,AUTO,33832.88002
94,SCHOOL_BUS,79.05105
95,AUTO,4536.21389
95,WALK,327.06706
96,AUTO,6912.81754
96,BIKE,85.02834
96,TNC,217.94577
97,AUTO,7341.02303
97,WALK,90.63846
98,AUTO,996.31281
99,AUTO,26604.1751
99,SHUTTLE_VANPOOL,28.66719
99,TRANSIT,356.61321
99,WALK,365.69447
100,AUTO,285.88081
101,AUTO,1946.66966
101,WALK,1028.19171
102,AUTO,9939.64081000001
102,OTHER,100.55595
102,SCHOOL_BUS,79.05105
102,WALK,441.57186
103,AUTO,815.39739
103,SCHOOL_BUS,1891.48824
103,WALK,79.09167
104,AUTO,4248.22412
105,AUTO,1852.48204
105,BIKE,2233.4954
105,WALK,1116.7477
106,AUTO,31.54544
107,AUTO,2196.42794
107,WALK,499.68578
108,AUTO,14138.98749
108,WALK,497.12374
109,AUTO,29904.19665
109,WALK,2392.17387
110,AUTO,15008.47847
110,BIKE,46.62268
110,OTHER,269.33656
110,WALK,102.63883
111,AUTO,1806.21941
111,WALK,412.94435
112,AUTO,5191.43172
112,OTHER,154.33716
112,WALK,349.33729
113,AUTO,14026.27866
113,WALK,397.3994
114,AUTO,30646.14301
114,TNC,732.42639
114,WALK,609.47305
115,AUTO,797.10628
115,SCHOOL_BUS,79.05105
116,AUTO,28318.61009
116,TNC,98.27294
116,WALK,37.30644
117,AUTO,8186.69268
117,TRANSIT,98.67943
117,WALK,394.86306
118,AUTO,436.75836
119,AUTO,587.52586
120,AUTO,26460.19179
120,BIKE,2328.06169
120,SCHOOL_BUS,3745.39988
120,TRANSIT,2328.06169
121,AUTO,2490.76903
121,WALK,1036.43476
122,AUTO,26119.86107
122,BIKE,1551.63343
122,SCHOOL_BUS,1872.69994
122,WALK,1839.88828
123,AUTO,45765.61975
123,OTHER,269.33656
123,TRANSIT,713.22642
123,WALK,234.61208
124,AUTO,419.08335
124,OTHER,538.67312
125,AUTO,4215.52989
126,AUTO,1118.30679
126,TRANSIT,2142.79723
127,AUTO,15039.24003
127,OTHER,269.33656
127,WALK,66.53836
128,AUTO,10793.05507
128,TRANSIT,3522.98145
128,WALK,61.57268
129,AUTO,24760.5696
130,AUTO,1132.17065
131,AUTO,347.44129
131,WALK,31.9183
132,AUTO,16466.75073
132,WALK,3533.19132
133,AUTO,16266.87139
133,WALK,3494.67239
134,AUTO,19549.52743
134,WALK,8442.51959
135,AUTO,8551.4923
136,AUTO,575.84212
136,WALK,280.7415
137,AUTO,1689.5675
137,WALK,511.69208
138,AUTO,18918.20138
138,WALK,2182.14574
139,AUTO,1205.79769
140,AUTO,17104.29552
141,AUTO,17487.39368
141,TNC,97.91104
141,TRANSIT,98.47162
142,AUTO,10634.91667
142,TNC,99.30834
142,WALK,571.62188
143,AUTO,1057.8069
143,WALK,421.01388
144,AUTO,3229.46019
144,WALK,696.78768
145,AUTO,2836.92989
145,WALK,258.57318
146,AUTO,9906.05548
146,WALK,601.99411
147,AUTO,18654.97548
147,WALK,4285.59446
148,AUTO,356.14921
148,TNC,149.74679
148,TRANSIT,356.61321
149,AUTO,7011.27703
149,TRANSIT,2142.79723
151,AUTO,6728.34783
152,AUTO,202.71505
153,AUTO,3236.9491
153,TRANSIT,58.56145
153,WALK,41.4343
154,AUTO,741.70297
155,AUTO,7073.19954
155,BIKE,656.11512
155,WALK,2765.17125
156,AUTO,5663.33855
156,OTHER,115.48657
157,AUTO,4250.91741
157,OTHER,123.97419
157,SHUTTLE_VANPOOL,9.14181
157,TRANSIT,268.96274
158,AUTO,961.89299
158,BIKE,857.69432
158,WALK,972.93262
159,AUTO,361.14519
160,AUTO,2594.38375
161,AUTO,6653.26855
161,WALK,3.72448
162,AUTO,10569.97886
162,WALK,7548.14816
163,AUTO,13954.93664
163,BIKE,656.11512
163,WALK,347.15879
164,AUTO,15981.75693
164,BIKE,1038.7771
164,WALK,2687.85979
165,AUTO,31801.0093
165,WALK,972.93262
166,AUTO,7340.20927999999
167,AUTO,11314.99664
167,WALK,125.7448
168,AUTO,14027.9803
168,OTHER,123.97419
168,WALK,3.72448
169,AUTO,831.47402
169,WALK,325.9498
170,AUTO,9175.65716
171,AUTO,11259.22553
171,WALK,3655.98158
172,AUTO,2822.07785
172,TNC,312.30549
173,AUTO,4188.4127
173,SCHOOL_BUS,3785.84036
174,AUTO,2784.31624
175,AUTO,79.45764
176,AUTO,12077.51126
177,AUTO,50.69381
178,AUTO,689.65287
178,WALK,2035.54762
179,AUTO,2748.16304
179,TRANSIT,88.78122
179,WALK,2353.19864
180,AUTO,6.09454
180,SCHOOL_BUS,1612.5146
180,WALK,53.3299
181,AUTO,11103.69105
181,WALK,2353.19864
182,AUTO,718.54133
183,AUTO,3876.42565
183,WALK,125.27745
184,AUTO,5136.52757
184,BIKE,122.28468
184,TRANSIT,136.39127
184,WALK,612.79116
185,AUTO,5883.15233
185,WALK,136.41864
186,AUTO,1207.46417
186,WALK,3864.74812
187,AUTO,1154.34198
187,TRANSIT,2476.91577
188,AUTO,2373.84727
190,AUTO,151.43288
190,TRANSIT,686.52636
191,AUTO,3113.76254
191,WALK,6215.27604
192,AUTO,1127.10759
193,AUTO,2038.67654
193,TRANSIT,1806.73689
193,WALK,537.92548
194,AUTO,27599.08799
194,WALK,12859.28801
195,AUTO,7533.60898
196,AUTO,8704.19991
196,WALK,893.83632
197,AUTO,1203.52628
197,TRANSIT,207.83093
198,AUTO,2558.60354
198,WALK,4256.29044
199,AUTO,3145.73881
200,AUTO,1292.9836
200,WALK,218.39939
201,AUTO,2954.48457
201,TRANSIT,3522.98145
201,WALK,3864.74812
202,AUTO,5320.89684
202,TRANSIT,6.1588
202,WALK,39.52552
203,AUTO,320.49953
204,AUTO,5091.63737
204,TRANSIT,2425.57298
204,WALK,5675.37618
205,AUTO,248.10569
205,TRANSIT,18.4764
206,AUTO,39.72882
207,AUTO,119.18646
208,AUTO,291.58456
209,AUTO,4438.17189
209,BIKE,2803.54876
209,TRANSIT,1075.85096
210,AUTO,12617.98307
210,WALK,1075.85096
211,AUTO,3419.68841
213,AUTO,3595.43384
213,WALK,9423.68356
214,AUTO,455.05238
215,AUTO,6724.7171
215,TRANSIT,58.56145
216,AUTO,2831.60957
217,AUTO,29487.64347
218,AUTO,13381.64236
219,AUTO,635.50398
219,WALK,9.03296
220,AUTO,4980.61974
221,AUTO,1439.61404
222,AUTO,1673.99212
223,AUTO,3917.86174
224,AUTO,9456.61846
224,WALK,2169.14866
225,AUTO,1422.66154
225,BIKE,80.24395
227,AUTO,79.75199
228,AUTO,620.45872
230,AUTO,333.67639
232,AUTO,5290.37396
233,AUTO,197.80612
234,AUTO,1514.9294
235,AUTO,199.9251
236,AUTO,21577.23502
237,AUTO,12044.93375
238,AUTO,3040.288
238,TNC,97.91104
238,WALK,97.91104
239,AUTO,298.0735
240,AUTO,662.20966
240,WALK,2391.86268
241,AUTO,5984.85873
242,AUTO,3844.03865
242,SCHOOL_BUS,694.01719
242,WALK,177.32399
243,AUTO,37.81655
243,TRANSIT,149.74679
243,WALK,371.85029
244,AUTO,4954.48051
244,WALK,1934.78209
245,AUTO,10043.39612
245,WALK,4278.22488
246,WALK,183.5623
247,AUTO,2427.81996
247,WALK,78.10854
248,AUTO,201.57246
248,WALK,36.56722
249,AUTO,412.10647
249,TRANSIT,18.28361
250,AUTO,2048.18086
251,AUTO,6920.55616
251,TRANSIT,136.39127
252,AUTO,284.27668
253,AUTO,2251.31544
254,AUTO,240.49824
255,AUTO,9733.92464
256,AUTO,1101.94878
257,AUTO,16183.78902
257,WALK,17759.59036
258,AUTO,3316.68666
258,WALK,3833.34624
259,AUTO,13493.25006
260,AUTO,11582.79685
260,WALK,617.38704
261,AUTO,2245.52707
262,AUTO,2563.82871
262,TRANSIT,136.39127
262,WALK,136.39127
263,AUTO,119.60062
264,AUTO,2317.3706
266,AUTO,241.15146
267,AUTO,2961.26768
268,AUTO,1497.61397
269,AUTO,8639.37742
270,AUTO,735.88409
270,TRANSIT,148.41916
271,AUTO,306.83601
271,WALK,2828.44989
272,AUTO,14357.20363
272,WALK,95.79434
273,AUTO,2672.12505
274,AUTO,882.88709
274,WALK,1437.86511
275,AUTO,2754.51091
276,AUTO,1776.85422
276,WALK,40.40718
277,AUTO,281.22934
277,WALK,40.40718
278,AUTO,246.42945
279,AUTO,12239.30757
279,WALK,370.87578
280,AUTO,14370.29602
280,WALK,44.31812
281,AUTO,179.61396
282,AUTO,778.93364
284,AUTO,2481.90595
284,WALK,196.71064
286,AUTO,2596.37826
286,OTHER,150.75817
287,AUTO,1420.1967
288,AUTO,24280.39536
288,TRANSIT,683.64105
288,WALK,1764.66596
289,AUTO,4331.74102
289,TRANSIT,268.96274
289,WALK,1879.40083
290,AUTO,1228.53773
290,BIKE,18.28362
290,WALK,292.61966
291,AUTO,7038.77459
291,SHUTTLE_VANPOOL,39.62105
291,WALK,186.11748
292,AUTO,11612.01223
292,WALK,6.0968
293,AUTO,25545.52192
293,OTHER,48.95552
293,TNC,330.53394
293,WALK,2567.85503
294,AUTO,457.63238
295,AUTO,886.27688
295,WALK,15.47526
296,AUTO,1487.38783
296,TRANSIT,88.78122
297,AUTO,12488.16063
297,OTHER,29.46028
297,TNC,1096.92455
298,AUTO,3262.46527
299,AUTO,17530.71495
299,TRANSIT,24.6352
299,WALK,2671.79017
300,AUTO,10871.8894
300,BIKE,5.22079
300,OTHER,91.85093
300,WALK,287.52949
301,AUTO,2335.43442
301,OTHER,0.9967
301,WALK,2508.8454
302,AUTO,31842.46957
302,OTHER,2.42208
302,SHUTTLE_VANPOOL,1961.87355
302,TRANSIT,999.84867
302,WALK,39721.62877
303,AUTO,4407.74993
303,TRANSIT,1493.41458
304,AUTO,6726.39978
304,TRANSIT,537.92548
304,WALK,537.92548
305,AUTO,478.41027
305,TRANSIT,1010.50978
306,AUTO,5226.72559
307,AUTO,1999.21828
307,SHUTTLE_VANPOOL,72.09348
307,TRANSIT,508.01006
307,WALK,2765.11732
308,AUTO,3660.1539
308,BIKE,5.22079
308,SHUTTLE_VANPOOL,22.75849
308,WALK,938.17132
309,AUTO,11964.02377
309,SHUTTLE_VANPOOL,2.68674
309,TNC,56.16277
309,WALK,8782.56966
310,AUTO,6770.76987
310,TNC,569.08285
310,WALK,2859.99534
311,AUTO,8242.55499
311,BIKE,18.28362
311,WALK,4701.01264
312,AUTO,671.41837
312,WALK,168.6854
313,AUTO,24745.51739
313,BIKE,569.29628
313,BIKE_SHARE,43.77655
313,OTHER,152.51696
313,SHUTTLE_VANPOOL,296.50724
313,WALK,6707.98203
314,AUTO,19298.48602
314,BIKE,434.04612
314,BIKE_SHARE,9.14181
314,OTHER,94.27301
314,SHUTTLE_VANPOOL,257.6794
314,WALK,2204.03312
315,AUTO,9517.41039
315,BIKE,464.07829
315,SHUTTLE_VANPOOL,18.28361
315,WALK,439.88624
316,AUTO,2.42208
316,WALK,88.78122
317,AUTO,5426.00512
317,BIKE,119.23354
317,LONG_DIST_PASS,143.41523
317,TRANSIT,119.23354
317,WALK,7150.69333
318,AUTO,18103.43342
318,BIKE,863.47998
318,WALK,88.78122
319,AUTO,14742.34481
319,WALK,11452.33795
320,AUTO,24110.92711
320,WALK,20906.49295
321,AUTO,9209.13765
322,AUTO,874.88375
322,WALK,60.42564
323,AUTO,17887.64615
323,OTHER,98.47162
323,TNC,101.47136
323,WALK,197.17022
324,AUTO,581.25104
325,AUTO,10891.11733
326,AUTO,22136.13968
326,OTHER,106.94891
326,SHUTTLE_VANPOOL,768.95629
326,WALK,5245.77148
327,AUTO,6.09454
327,WALK,893.83632
328,AUTO,14011.73925
329,AUTO,492.16146
329,OTHER,113.04345
329,TNC,14.07205
329,TRANSIT,34.97682
329,WALK,42.21615
330,AUTO,17615.97026
330,TRANSIT,142.29493
331,AUTO,462.10418
332,AUTO,309.61558
332,WALK,45.45884
333,AUTO,10260.19053
333,WALK,26.70812
334,AUTO,863.31354
334,WALK,22.72942
335,AUTO,4787.22128
335,BIKE,2.30613
335,SCHOOL_BUS,3.39407
335,WALK,4.61226
337,AUTO,746.60146
339,AUTO,137.4781
340,AUTO,1891.73484
341,AUTO,299.48608
342,AUTO,378.23576
343,AUTO,121.22637
344,AUTO,1378.70882
345,AUTO,964.53508
346,AUTO,102.38449
347,AUTO,194.77269
347,BIKE,22.72942
348,AUTO,1188.05956
349,AUTO,158.48067
349,TNC,159.33628
350,AUTO,1411.93262
351,AUTO,3667.70178
351,WALK,1269.7334
352,AUTO,3150.24562
352,WALK,1269.7334
353,AUTO,1857.67333
354,AUTO,7264.58213
354,SCHOOL_BUS,80.97812
354,TRANSIT,806.88822
355,AUTO,531.6299
355,SCHOOL_BUS,18.28361
356,AUTO,1252.1405
358,AUTO,2311.52331
358,OTHER,18.28361
359,AUTO,2513.01086
359,WALK,116.36686
360,AUTO,390.72716
361,AUTO,1854.63615
361,TNC,39.62421
362,AUTO,2447.0668
362,SCHOOL_BUS,161.95624
362,TNC,100.66859
362,WALK,3324.84506
363,AUTO,994.03233
364,AUTO,3060.1135
364,TNC,100.66859
364,WALK,79.24842
365,TNC,118.29026
366,AUTO,4322.90306
366,SCHOOL_BUS,79.05105
366,TRANSIT,18.28361
367,AUTO,26130.32264
367,SCHOOL_BUS,1913.91829
368,AUTO,118.99022
368,SCHOOL_BUS,1994.89641
368,TRANSIT,806.88822
369,AUTO,2424.7565
370,AUTO,2482.12163
371,AUTO,47.05769
371,OTHER,3.36212
371,SHUTTLE_VANPOOL,3880.1262
373,AUTO,559.70025
374,AUTO,307.67536
376,AUTO,277.78953
380,AUTO,123.96268
384,AUTO,8688.01586
385,AUTO,650.20275
386,AUTO,2906.32016
387,AUTO,582.36011
388,AUTO,246.37197
389,AUTO,1342.27007
389,SCHOOL_BUS,28.77408
389,WALK,275.59693
390,AUTO,488.90637
391,AUTO,20.40878
393,AUTO,1952.18039
394,AUTO,26.36138
395,AUTO,347.35571
396,AUTO,27956.77602
396,SHUTTLE_VANPOOL,3880.1262
397,SCHOOL_BUS,28.77408
398,AUTO,117.60041
399,AUTO,9085.43934
399,SHUTTLE_VANPOOL,1940.0631
400,AUTO,419.48941
401,AUTO,3692.00793
401,WALK,115.47525
402,AUTO,3443.47843
403,AUTO,3437.71854
404,AUTO,2833.98219
405,AUTO,9.76576
406,AUTO,131.34107
408,AUTO,158.17738
408,WALK,181.40753
409,AUTO,42.66178
409,TNC,1902.42757
410,AUTO,213.89931
411,AUTO,531.80301
415,AUTO,792.05799
416,AUTO,788.89704
416,WALK,159.90736
417,AUTO,145.93392
418,AUTO,3178.30303
419,AUTO,1297.89106
420,AUTO,7614.12202
421,AUTO,886.98707
422,AUTO,10115.79236
423,AUTO,4917.84952
423,TNC,1902.42757
423,WALK,1597.36782
424,AUTO,29622.42877
424,WALK,305.47636
425,AUTO,24404.45722
425,SHUTTLE_VANPOOL,1940.0631
426,AUTO,163.60046
427,AUTO,674.29137
427,TRANSIT,142.29493
427,WALK,1823.58539
428,AUTO,4128.76954
428,TNC,2336.45467
428,WALK,350.03502
429,AUTO,282.42128
429,BIKE,105.3984
429,WALK,26.70812
430,AUTO,1673.91235
430,TRANSIT,150.43194
430,WALK,98.72257
431,AUTO,438.84353
431,WALK,325.88304
432,AUTO,9298.49238
432,WALK,1823.58539
433,AUTO,1508.73808
433,TNC,1127.12378
433,WALK,2234.48545
434,AUTO,7873.6164
434,OTHER,1169.09168
434,SCHOOL_BUS,180.94228
434,WALK,34.63474
435,AUTO,7196.54048
436,AUTO,4079.33223
436,WALK,2221.84827
437,AUTO,5458.40429
438,AUTO,31542.77651
438,LONG_DIST_PASS,3429.85876
438,SHUTTLE_VANPOOL,171.89474
438,TNC,4731.26549
439,AUTO,173.57573
439,SHUTTLE_VANPOOL,74.71946
440,AUTO,29.29728
441,AUTO,14708.32216
441,SHUTTLE_VANPOOL,9.14181
442,AUTO,22507.27312
443,AUTO,10966.57666
443,BIKE,74.58624
443,TRANSIT,18.4764
443,WALK,1127.67828
444,AUTO,347.39605
445,AUTO,4716.80428
446,AUTO,3959.414
447,AUTO,6547.49007
447,WALK,1342.30294
448,AUTO,9653.54901
448,TRANSIT,12.3176
449,AUTO,5229.8672
450,AUTO,1391.10105
451,AUTO,4800.42365
452,AUTO,8163.6036
452,WALK,6.1588
453,AUTO,5382.89225
454,AUTO,5250.17055
454,TRANSIT,2768.74297
455,AUTO,11643.20214
455,TNC,2886.88115
456,AUTO,7989.02605
456,TRANSIT,174.96754
456,WALK,41.29777
457,AUTO,8891.83966
457,TNC,3302.24403
458,AUTO,11771.18869
458,SHUTTLE_VANPOOL,64.11816
458,WALK,1335.878
459,AUTO,2313.30854
460,AUTO,3537.39602
460,WALK,669.13528
461,AUTO,3471.27723
461,TNC,9.14181
462,AUTO,281.05136
463,AUTO,1767.58993
464,AUTO,5598.99632
465,AUTO,14383.73562
465,SHUTTLE_VANPOOL,343.1832
465,TRANSIT,957.52412
466,AUTO,1294.61695
467,AUTO,21637.63662
467,TRANSIT,209.76923
468,AUTO,6535.92169
469,AUTO,5453.5434
470,AUTO,122.40136
471,AUTO,1848.45178
472,AUTO,1913.57456
473,AUTO,681.29938
473,TRANSIT,149.74679
474,AUTO,152.30794
475,AUTO,2954.19466
475,WALK,80.5267
476,AUTO,12640.07963
476,WALK,730.0368
477,AUTO,10371.53175
477,TNC,99.30834
477,WALK,32.24429
478,AUTO,2734.18282
479,AUTO,309.59898
480,AUTO,3152.28488
480,WALK,54.58608
481,AUTO,4927.38901
481,WALK,42.09333
482,AUTO,4386.09161
482,WALK,1066.08128
483,AUTO,2303.01481
483,WALK,177.32399
484,AUTO,1243.4435
484,WALK,177.32399
485,AUTO,4280.07546
485,WALK,55.85817
486,AUTO,582.61191
487,AUTO,10133.06954
488,AUTO,2948.07875
489,AUTO,1631.33149
490,AUTO,331.51959
491,AUTO,2716.41694
491,WALK,7.41052
492,AUTO,4219.91689
492,WALK,204.29122
493,AUTO,9334.53476
494,AUTO,3535.4015
495,AUTO,4078.62091
496,AUTO,6124.3463
497,AUTO,4862.70845
497,WALK,581.20306
498,AUTO,8404.76921
498,BIKE,1195.93134
498,WALK,739.87526
499,AUTO,1077.22526
499,WALK,257.66988
500,AUTO,18.28361
501,AUTO,196.68832
502,AUTO,410.26988
503,AUTO,16809.77093
503,BIKE,101.3056
503,WALK,399.37422
504,AUTO,36231.42429
504,WALK,376.90253
505,AUTO,4642.48559
505,WALK,22.73893
506,AUTO,3033.11421
506,WALK,572.82866
507,AUTO,5114.39461
507,WALK,5.18124
508,AUTO,3262.22974
509,AUTO,11978.55402
509,WALK,3.44728
510,AUTO,3550.7532
510,WALK,2484.41861
511,AUTO,12908.40417
511,BIKE,1017.77381
511,CAR_SHARE,18.44573
511,WALK,344.78904
512,AUTO,6596.70254
512,WALK,1946.08892
513,AUTO,3864.77837
513,WALK,281.77862
514,AUTO,5798.58853
514,WALK,937.3096
515,AUTO,7724.04328
515,TRANSIT,535.38416
515,WALK,80.5267
516,AUTO,5448.32836
516,WALK,344.98511
517,AUTO,20550.72648
517,BIKE,3679.77654
517,OTHER,119.03877
517,WALK,23749.73626
518,AUTO,1879.50684
518,CAR_SHARE,18.44573
518,WALK,243.89046
519,AUTO,6769.64241
519,WALK,226.09006
520,AUTO,3452.62413
520,WALK,2097.32566
521,AUTO,30719.98492
521,TRANSIT,99.77001
522,AUTO,36700.20912
522,TNC,267.2216
522,TRANSIT,1195.93134
522,WALK,4063.02298
523,AUTO,5484.94325
524,AUTO,39738.33039
524,WALK,364.30932
525,AUTO,10166.19092
525,BIKE,1195.93134
525,CAR_SHARE,6.1923
525,TRANSIT,1195.93134
525,WALK,2387.51208
526,AUTO,15365.69941
526,WALK,6506.39181
527,AUTO,241.2224
528,AUTO,746.59808
528,WALK,79.05105
529,AUTO,5086.37824
529,LONG_DIST_PASS,3854.26068
530,AUTO,868.06333
531,AUTO,1938.68285
531,WALK,2049.86848
532,AUTO,442.11992
533,AUTO,2481.52545
534,AUTO,9211.52622999999
534,SHUTTLE_VANPOOL,64.11816
534,WALK,128.23632
535,AUTO,3925.6255
535,WALK,608.37755
536,AUTO,61.98134
536,WALK,123.96268
537,AUTO,6112.35508
537,CAR_SHARE,6.1923
538,AUTO,1975.14317
538,TRANSIT,99.77001
539,AUTO,6692.29412
539,OTHER,27.6535
540,AUTO,101370.682
540,WALK,365.53626
541,AUTO,31202.38133
541,OTHER,5636.6313
541,SHUTTLE_VANPOOL,219.23651
541,WALK,668.1106
542,AUTO,11976.967
542,WALK,1010.85887
543,AUTO,1011.73441
543,TRANSIT,6.1588
544,AUTO,2276.24996
544,WALK,535.38416
545,AUTO,1767.11088
546,AUTO,3946.01996
546,WALK,1873.72362
547,AUTO,3528.86052
547,TRANSIT,6.1588
547,WALK,2927.86199
548,AUTO,2873.92541
548,WALK,446.26917
549,AUTO,611.1812
551,AUTO,350.69222
552,AUTO,4694.77825
552,BIKE,98.62847
552,WALK,982.41177
553,AUTO,3578.73724
553,WALK,1047.48009
555,AUTO,125.41534
556,AUTO,296.76097
556,WALK,508.32665
557,AUTO,32.12478
558,AUTO,18305.20563
559,AUTO,2270.62507
560,AUTO,56.27094
561,AUTO,1275.17618
562,AUTO,1454.79026
563,AUTO,54.13355
564,AUTO,7230.4219
565,AUTO,2082.74639
565,SCHOOL_BUS,1612.5146
565,TRANSIT,110.8938
566,AUTO,30.97112
567,AUTO,6279.63105
567,TRANSIT,106.38942
567,WALK,2087.79137
568,AUTO,4077.91163
568,WALK,499.55088
569,AUTO,46.07377
570,AUTO,417.83569
571,AUTO,3517.34312
571,TRANSIT,255.94952
571,WALK,1898.96187
572,AUTO,1989.09884
572,TRANSIT,9.3922
572,WALK,1644.16655
573,AUTO,1747.51297
574,AUTO,656.12202
574,BIKE,22.78001
574,WALK,72.32759
575,AUTO,1480.13913
576,AUTO,290.30993
577,AUTO,4132.85154
577,BIKE,660.96172
577,WALK,38.59125
578,AUTO,2921.66381
578,BIKE,239.25597
579,AUTO,2145.76885
579,WALK,76.04748
580,AUTO,1751.0113
580,BIKE,79.45124
580,CAR_SHARE,115.9253
580,SCHOOL_BUS,79.05105
580,TNC,4.65249
580,WALK,4644.32506
581,AUTO,98.27294
581,WALK,194.5263
582,AUTO,139.67794
582,BIKE,0.63384
582,WALK,2459.54918
583,AUTO,376.84841
583,WALK,9.27939
584,AUTO,361.76815
584,BIKE,159.50398
584,CAR_SHARE,18.44573
584,WALK,437.04244
585,AUTO,439.3848
585,TNC,8.72684
585,TRANSIT,191.28386
585,WALK,217.53051
586,AUTO,435.85217
586,TNC,4.65249
586,WALK,313.66068
588,AUTO,259.96442
588,BIKE,6.1923
588,WALK,111.69859
589,AUTO,79.18514
589,WALK,6.09454
590,AUTO,9062.00657
590,TRANSIT,774.97244
590,WALK,2205.2383
591,AUTO,656.59168
591,BIKE,79.45124
591,TRANSIT,71.35338
591,WALK,265.17275
592,AUTO,210.73023
593,AUTO,6.4812
594,AUTO,836.85213
594,BIKE,79.45124
594,TRANSIT,68.58716
595,AUTO,194.94545
596,AUTO,2095.24461
597,AUTO,2463.147
598,AUTO,8461.01725
598,BIKE,157.51853
598,SHUTTLE_VANPOOL,271.54308
598,TRANSIT,144.45078
598,WALK,879.91772
599,AUTO,932.87668
599,WALK,54.5432
600,AUTO,11486.18029
600,BIKE,367.77848
600,TNC,267.2216
600,TRANSIT,3.08709
600,WALK,5619.12475
601,AUTO,8717.28196
601,TNC,41.32177
601,WALK,1292.77882
602,AUTO,365.70182
602,CAR_SHARE,6.1923
602,TRANSIT,135.03387
602,WALK,5085.49085
603,AUTO,2400.94776
603,WALK,881.94018
604,AUTO,661.99029
604,WALK,3249.89786
605,AUTO,1275.52857
605,WALK,744.08974
606,AUTO,4034.7415
607,AUTO,417.95245
607,BIKE,6.1923
607,TNC,6.1923
607,WALK,309.13969
608,AUTO,4314.71186
608,WALK,78.10854
609,AUTO,2378.25874
609,WALK,672.47261
610,AUTO,2555.16718
611,AUTO,1384.1437
611,WALK,540.17107
612,AUTO,1241.40974
612,WALK,103.20935
613,AUTO,5574.41948
613,BIKE,6.1923
613,CAR_SHARE,36.9504
613,WALK,124.23085
614,AUTO,3854.26068
614,TRANSIT,527.8417
615,AUTO,1310.7614
616,AUTO,1779.89742
616,TNC,41.47721
617,AUTO,804.07263
618,AUTO,18747.88767
618,TRANSIT,724.03784
618,WALK,138.97558
619,AUTO,4199.89254
619,BIKE,159.50398
619,WALK,843.95682
620,AUTO,1921.58462
620,WALK,296.75509
621,AUTO,225.22127
621,BIKE,139.39722
621,WALK,1065.35703
622,AUTO,17136.92639
622,TRANSIT,119.03877
622,WALK,720.61149
623,AUTO,4541.34975
623,TRANSIT,156.24185
623,WALK,608.6472
624,AUTO,4606.99281
624,TRANSIT,6.09454
624,WALK,625.71361
625,AUTO,32.12479
625,TNC,4.65249
625,WALK,302.94739
626,AUTO,3160.26931
626,TNC,1593.02802
626,WALK,639.55844
627,AUTO,8373.35054
627,TRANSIT,172.34518
627,WALK,1863.82693
628,AUTO,6.33345
628,BIKE,6.1923
628,WALK,25.3338
629,AUTO,1181.82545
629,WALK,1788.8334
630,AUTO,1837.80136
630,WALK,1379.43508
631,AUTO,1338.48826
631,TNC,166.74907
631,TRANSIT,18.31567
631,WALK,3356.8043
632,AUTO,684.46239
633,AUTO,2573.47668
634,AUTO,5228.01373
634,WALK,471.57772
635,AUTO,15025.15871
635,CAR_SHARE,18.44573
635,WALK,151.80878
636,AUTO,1554.40199
637,AUTO,9438.29373
637,TNC,206.4774
637,WALK,2984.69085
638,AUTO,589.57995
638,WALK,77.56872
639,AUTO,239.82795
639,CAR_SHARE,115.9253
639,LONG_DIST_PASS,3854.26068
639,SHUTTLE_VANPOOL,5.98895
639,TRANSIT,52.2241
639,WALK,184.2267
640,AUTO,194.27587
641,AUTO,5115.46686
641,TNC,63.20233
641,TRANSIT,52.89008
641,WALK,3456.30018
642,AUTO,894.4167
643,AUTO,206.32999
644,AUTO,5119.84997
644,TNC,11.9779
644,TRANSIT,53.03771
644,WALK,415.44796
645,AUTO,1557.12271
645,TRANSIT,18.31567
645,WALK,308.3216
646,AUTO,19749.62409
646,BIKE,419.99892
646,LONG_DIST_PASS,9635.6517
646,SHUTTLE_VANPOOL,149.74679
646,WALK,2460.24614
647,AUTO,3578.22569
647,WALK,431.47471
648,AUTO,2682.07155
648,BIKE,3231.47896
648,WALK,1462.29251
649,AUTO,7719.13778
649,BIKE,1493.09546
649,WALK,1026.91932
650,AUTO,3210.25394
650,SCHOOL_BUS,80.38462
650,WALK,208.73754
651,AUTO,758.5772
652,AUTO,8.05653
653,AUTO,36.56722
654,AUTO,32.26417
655,AUTO,1015.46021
656,AUTO,482.85498
656,TNC,140.12983
657,AUTO,1882.73918
657,TRANSIT,537.92548
658,AUTO,13119.30175
659,AUTO,271.93355
659,TRANSIT,523.38514
660,AUTO,1155.9279
663,AUTO,999.29276
664,AUTO,615.24533
665,AUTO,1609.55224
665,WALK,197.27772
666,AUTO,562.85495
666,TNC,56.16277
667,AUTO,239.89356
668,AUTO,4106.35874
668,TRANSIT,150.39655
669,AUTO,8832.35736
669,WALK,3106.0165
670,AUTO,92.09801
671,AUTO,1443.26125
672,AUTO,243.16329
673,AUTO,139.09596
674,AUTO,1185.46752
675,AUTO,12783.46122
676,AUTO,15350.00498
676,BIKE,32.12478
676,WALK,73.53194
677,AUTO,400.92809
678,AUTO,180.34186
679,AUTO,11512.90686
680,AUTO,295.8168
680,WALK,158.1021
681,AUTO,30686.50326
682,AUTO,3684.24703
683,AUTO,782.75584
684,AUTO,19500.29665
684,SHUTTLE_VANPOOL,98.51126
685,AUTO,108.12002
687,AUTO,149.74684
688,AUTO,118.1579
688,TRANSIT,63.20496
689,AUTO,7811.06326
690,AUTO,7541.79598
690,WALK,3173.46175
691,AUTO,3912.70534
692,AUTO,895.91196
692,WALK,230.95056
693,AUTO,7744.2174
693,SCHOOL_BUS,159.90582
694,AUTO,30031.39707
694,SCHOOL_BUS,1874.4428
695,AUTO,1904.09401
696,AUTO,3597.33203
696,WALK,154.94183
697,AUTO,1632.88436
698,AUTO,9952.76492
699,AUTO,9437.85091
699,WALK,70.82052
700,AUTO,602.38321
701,AUTO,22888.80225
702,AUTO,13798.37658
703,AUTO,7202.03995
704,AUTO,5131.01634
704,WALK,24.14877
705,AUTO,5026.41348
705,WALK,63.20496
706,AUTO,504.25234
707,AUTO,1033.7196
708,AUTO,6545.02607
708,WALK,3.08709
709,AUTO,4211.76573
710,AUTO,2411.87213
710,OTHER,79.89392
711,AUTO,18910.28669
712,AUTO,14051.10677
712,OTHER,19.31601
712,WALK,1697.53168
713,AUTO,4594.09646
713,SCHOOL_BUS,79.05105
713,WALK,100.29022
714,AUTO,10165.84321
715,AUTO,9735.80418
716,AUTO,720.47994
717,AUTO,18.29127
718,AUTO,45.17723
719,AUTO,6842.60688
719,WALK,427.73304
720,AUTO,17187.3995
721,AUTO,109.46685
722,AUTO,15809.63165
722,TRANSIT,63.20496
723,AUTO,13893.10005
723,WALK,200.12367
724,AUTO,11311.41803
724,WALK,38.13624
725,AUTO,5390.40378
725,SCHOOL_BUS,1874.4428
726,AUTO,15895.23209
726,WALK,2586.67275
727,AUTO,10275.35507
728,AUTO,3487.69751
728,WALK,353.31578
729,AUTO,108.52855
730,AUTO,138.95286
731,AUTO,471.53126
732,AUTO,5885.97071
732,WALK,1167.52394
733,AUTO,12877.03386
733,WALK,596.53227
734,AUTO,11171.38966
734,TNC,99.14682
734,TRANSIT,79.05105
734,WALK,896.59513
735,AUTO,21892.57373
735,WALK,42.66178
736,AUTO,9664.77809
737,AUTO,4926.55353
737,WALK,427.6211
738,AUTO,10231.92078
739,AUTO,8643.44278
740,AUTO,11014.12439
741,AUTO,14370.78982
741,TRANSIT,3.08709
741,WALK,1185.51887
742,AUTO,839.45104
742,BIKE,231.6087
742,WALK,115.80435
743,AUTO,19085.6764
743,BIKE,231.6087
744,AUTO,38833.19962
744,OTHER,418.34679
744,WALK,238.96266
745,AUTO,2074.08697
745,WALK,115.80435
746,AUTO,1077.56915
747,AUTO,45.65608
748,AUTO,5579.42161
749,AUTO,13554.32629
750,AUTO,11394.74328
750,WALK,115.50165
751,AUTO,347.50373
752,AUTO,586.24472
752,WALK,517.30088
753,AUTO,394.01526
754,AUTO,25474.54485
754,TRANSIT,1871.86424
754,WALK,353.47421
757,SHUTTLE_VANPOOL,1.17856
758,AUTO,33.24174
760,AUTO,5663.21489
760,TRANSIT,359.43512
760,WALK,205.35206
761,AUTO,14981.25206
761,TRANSIT,79.05105
761,WALK,2482.79742
762,AUTO,7041.06735
763,AUTO,10951.24989
763,SCHOOL_BUS,624.82851
763,WALK,3105.46592
764,AUTO,1449.86623
764,WALK,701.28554
765,AUTO,6023.03206
766,AUTO,42916.5207
766,SCHOOL_BUS,114.15631
766,WALK,984.77456
767,AUTO,11153.46383
767,SCHOOL_BUS,114.15631
767,WALK,161.38206
768,AUTO,6859.21558
769,AUTO,797.15152
770,AUTO,26689.7869
770,TNC,98.32342
770,WALK,119.94863
771,AUTO,5741.92207
771,WALK,100.29398
772,AUTO,8601.21334
772,TRANSIT,57.48727
772,WALK,153.11672
773,AUTO,41133.80795
773,SCHOOL_BUS,710.33088
773,TAXI_NOT_TNC,149.80243
773,WALK,22862.92176
774,AUTO,4822.33839
775,AUTO,14786.04444
775,TRANSIT,1871.86424
775,WALK,3743.72848
778,AUTO,335.76256
779,AUTO,335.76256
780,AUTO,1069.21806
780,WALK,328.96572
781,AUTO,19772.88698
781,TAXI_NOT_TNC,115.51815
781,WALK,127.28466
783,AUTO,3018.17465
785,AUTO,2075.17252
786,AUTO,6085.53079
786,BIKE,356.73214
786,SHUTTLE_VANPOOL,5772.69426
787,AUTO,7578.05289
788,AUTO,164.84412
789,AUTO,4743.02649
791,AUTO,7102.57786
791,BIKE,356.73214
791,WALK,98.85046
792,AUTO,6191.70069
792,WALK,116.28826
793,AUTO,32583.6647
793,SCHOOL_BUS,1875.55726
793,SHUTTLE_VANPOOL,1924.23142
793,WALK,3751.11452
794,AUTO,3081.39031
794,SCHOOL_BUS,1875.55726
794,SHUTTLE_VANPOOL,3848.46284
794,TRANSIT,696.0682
794,WALK,205.53078
795,AUTO,14808.05229
795,WALK,5345.29224
796,AUTO,264.46681
797,AUTO,482.63091
798,AUTO,1815.62145
798,WALK,32.3383
799,AUTO,3253.44947
800,AUTO,910.44405
800,WALK,405.34108
801,AUTO,5263.87895
802,AUTO,17768.05305
802,SCHOOL_BUS,1946.97853
803,AUTO,4931.04713
803,CAR_SHARE,641.42459
805,AUTO,10874.51862
806,AUTO,1667.58017
807,AUTO,29967.30812
807,WALK,16504.12104
808,AUTO,1584.3411
809,AUTO,7740.85255
810,AUTO,6846.09911
811,AUTO,10929.96427
811,WALK,1288.80974
812,AUTO,12914.90332
812,SCHOOL_BUS,1984.28096
812,WALK,23191.55414
813,AUTO,2585.72786
813,BIKE,641.42459
813,WALK,114.54696
814,AUTO,14368.23536
814,BIKE,641.42459
814,WALK,533.27897
815,AUTO,2488.11211
816,AUTO,729.69404
817,AUTO,19467.48108
817,WALK,394.04504
818,AUTO,5943.43949
818,SCHOOL_BUS,32.11152
818,WALK,199.98806
819,AUTO,14466.96443
819,SCHOOL_BUS,1.17856
819,SHUTTLE_VANPOOL,1.17856
820,AUTO,187.85324
821,AUTO,5068.79016
822,AUTO,6338.53726
822,SCHOOL_BUS,583.6113
823,AUTO,7320.07802
824,AUTO,9626.04005
824,BIKE_SHARE,63.20496
824,WALK,13101.96698
825,AUTO,2578.29126
825,TRANSIT,221.7876
825,WALK,114.49734
826,AUTO,13699.43997
826,SCHOOL_BUS,1576.57528
826,WALK,4239.74276
827,AUTO,38.90847
828,AUTO,56043.68981
828,BIKE,6958.40366
828,WALK,5174.79447
829,AUTO,283.35551
830,AUTO,1210.10256
831,AUTO,213.07729
832,AUTO,24651.4025
832,OTHER,13.89933
832,WALK,6550.98349
833,AUTO,8334.31222
833,WALK,78.43571
834,AUTO,4121.99122
834,BIKE,5113.08256
834,SCHOOL_BUS,1576.57528
834,WALK,166.88172
835,AUTO,42524.05232
836,AUTO,194.29363
837,AUTO,3605.64252
839,AUTO,9818.90237
839,BIKE,685.61578
839,OTHER,26.35035
839,WALK,685.61578
840,AUTO,485.74738
844,AUTO,1720.48052
845,AUTO,229.227
846,AUTO,1794.9018
847,AUTO,694.51237
848,AUTO,11168.1077
848,BIKE,1721.69296
848,WALK,156.52228
849,AUTO,2634.53983
849,BIKE,0.83971
850,AUTO,3123.74508
851,AUTO,3700.03671
852,AUTO,624.58908
853,AUTO,1197.24834
854,AUTO,75.09827
855,AUTO,1606.37138
855,SCHOOL_BUS,320.9902
855,TRANSIT,110.8938
855,WALK,53.41624
856,AUTO,2454.56377
856,WALK,151.75201
857,AUTO,771.01735
857,BIKE,433.60413
857,OTHER,348.03792
858,AUTO,25083.1813
858,OTHER,709.17426
859,AUTO,19653.15271
859,BIKE,23.55369
859,OTHER,5115.69915
859,WALK,2077.276
860,AUTO,9468.62119
860,BIKE,1289.57731
860,OTHER,6438.93182
860,WALK,4522.17635
861,AUTO,15567.73739
861,BIKE,1224.55952
861,OTHER,1238.22817
861,TRANSIT,1044.18811
861,WALK,3117.56451
862,AUTO,3011.76158
863,AUTO,2357.70591
864,AUTO,25377.17206
864,OTHER,628.84665
864,WALK,239.3258
865,AUTO,5756.17514
866,AUTO,13.89933
867,AUTO,3468.82511
868,AUTO,2455.55124
869,OTHER,203.21429
870,AUTO,3118.36998
870,WALK,208.33454
871,AUTO,22233.62443
871,OTHER,1073.65686
871,TRANSIT,2665.90719
871,WALK,1891.65778
872,AUTO,4618.68841
872,OTHER,5008.79472
872,WALK,232.26978
873,AUTO,10078.29598
873,BIKE,229.42542
873,OTHER,870.93609
873,TRANSIT,203.21429
873,WALK,2307.62545
874,AUTO,4497.74903
874,BIKE,229.42542
874,OTHER,2668.25593
874,WALK,597.03655
875,AUTO,5926.44804
875,OTHER,396.2395
875,WALK,431.49577
876,AUTO,891.70921
876,OTHER,115.84942
876,SCHOOL_BUS,159.90582
877,AUTO,564.44336
877,WALK,2917.24009
878,AUTO,626.2822
879,AUTO,267.56531
880,AUTO,315.67503
881,AUTO,3742.73842
881,OTHER,150.23202
882,AUTO,474.59909
883,AUTO,1932.38932
883,SCHOOL_BUS,159.90582
884,AUTO,70.44938
884,WALK,70.44938
1001,AUTO,1573.45526
1001,SCHOOL_BUS,153.20911
1003,AUTO,1419.30918
1004,AUTO,800.68397
1006,AUTO,19516.70757
1006,WALK,1.27581
1007,AUTO,3778.50432
1007,WALK,294.3873
1008,AUTO,278.7933
1009,AUTO,8597.66659
1009,BIKE,303.76827
1010,AUTO,5094.86449
1010,OTHER,2886.88115
1011,AUTO,2620.69068
1013,AUTO,115.74707
1014,AUTO,7040.0202
1014,BIKE,82.21616
1014,SCHOOL_BUS,153.20911
1014,WALK,246.64848
1015,AUTO,816.14507
1016,AUTO,1219.05484
1017,AUTO,357.95323
1018,AUTO,5619.36066
1018,WALK,126.84411
1019,AUTO,5319.5598
1019,WALK,217.2003
1020,AUTO,976.94001
1021,AUTO,3670.48408
1021,WALK,534.26068
1022,AUTO,381.00645
1022,TRANSIT,55.7178
1023,AUTO,3512.87318
1024,AUTO,7211.38584
1025,AUTO,3320.39096
1025,BIKE,118.57668
1025,WALK,452.8755
1026,AUTO,1345.16924
1026,WALK,2042.57844
1027,AUTO,700.00916
1028,AUTO,2347.00395
1029,AUTO,589.63824
1030,AUTO,1030.37146
1030,SCHOOL_BUS,247.05399
1030,WALK,82.35133
1031,AUTO,8260.33216
1031,WALK,9.53874
1032,AUTO,196.54606
1033,AUTO,2473.50258
1033,TAXI_NOT_TNC,104.93224
1033,WALK,760.62278
1034,AUTO,5878.38721
1034,BIKE,303.76827
1034,WALK,197.24024
1035,AUTO,38403.0840900001
1035,SCHOOL_BUS,175.2516
1035,WALK,2636.84559
1036,AUTO,6103.15195
1036,BIKE,199.1294
1036,WALK,1001.99924
1037,AUTO,8028.25281
1038,AUTO,61.82019
1039,AUTO,7318.71542
1039,WALK,657.29903
1040,AUTO,2163.95988
1041,AUTO,10216.07229
1041,WALK,102.50726
1042,AUTO,10438.32041
1042,WALK,32.55721
1043,AUTO,3732.86651
1044,AUTO,120.45077
1045,AUTO,3227.70345
1046,AUTO,8033.87361
1046,WALK,5466.94452
1047,AUTO,247.696
1047,WALK,99.86008
1048,BIKE,39.52556
1049,AUTO,4508.56407
1049,WALK,3361.23605
1050,AUTO,776.74488
1051,AUTO,16959.28379
1051,WALK,228.62483
1052,AUTO,903.53709
1052,BIKE,108.79488
1052,WALK,228.62483
1053,AUTO,14919.98036
1053,SCHOOL_BUS,306.41822
1054,AUTO,4717.87219
1055,AUTO,5242.55416
1056,AUTO,9862.81879
1056,OTHER,1913.23538
1057,AUTO,8579.54035
1057,OTHER,1913.23538
1057,SHUTTLE_VANPOOL,85.02834
1058,AUTO,6770.06445
1058,BIKE,1199.83948
1058,WALK,801.4612
1059,AUTO,2934.93479
1060,AUTO,9292.4758
1060,SCHOOL_BUS,2.4883
1060,WALK,98.6031
1061,AUTO,7698.99204
1062,AUTO,1038.69588
1062,OTHER,98.27303
1062,WALK,626.40724
1063,AUTO,4679.60808
1064,AUTO,3198.76271
1065,AUTO,7333.50056
1065,TRANSIT,1011.69663
1065,WALK,2279.77742
1066,AUTO,1270.91024
1066,WALK,1648.56148
1067,AUTO,347.16407
1068,AUTO,2119.1442
1069,AUTO,2585.02158
1069,WALK,239.06095
1070,AUTO,17144.82095
1071,AUTO,11833.52609
1072,AUTO,7676.11693
1072,WALK,3145.1869
1073,AUTO,6809.40206
1074,AUTO,3522.71743
1075,AUTO,21082.2992
1076,AUTO,2536.62476
1076,TRANSIT,606.67069
1076,WALK,4944.21901
1077,AUTO,643.38095
1078,AUTO,1292.9195
1078,WALK,1284.22853
1079,AUTO,4611.77883
1080,AUTO,11129.48279
1080,BIKE,145.15552
1080,WALK,3648.2603
1081,AUTO,6936.63096
1081,OTHER,152.61396
1082,AUTO,1441.35239
1082,BIKE,88.21851
1083,AUTO,45.99524
1084,AUTO,693.70644
1085,AUTO,23884.06658
1085,OTHER,25385.2741
1085,WALK,4823.74142
1086,AUTO,792.79729
1087,AUTO,11734.45578
1087,BIKE,158.85145
1087,WALK,4585.60119
1088,AUTO,12949.09346
1088,WALK,4099.99096
1089,AUTO,10323.03165
1089,BIKE,79.14639
1090,AUTO,6352.35641
1091,AUTO,21142.13687
1091,WALK,788.11672
1092,AUTO,9715.08902
1093,AUTO,3760.81487
1093,BIKE,164.43232
1093,TRANSIT,55.7178
1093,WALK,569.93247
1094,AUTO,246.91243
1094,TRANSIT,24.40411
1095,AUTO,26570.50211
1095,WALK,775.61733
1096,TRANSIT,125.15445
1097,AUTO,4843.42913
1097,WALK,669.69704
1098,AUTO,6418.64355
1098,WALK,230.03448
1099,AUTO,34715.53086
1099,TRANSIT,106.51023
1099,WALK,404.3422
1100,AUTO,1215.56863
1100,LONG_DIST_PASS,712.86615
1100,WALK,589.35091
1101,AUTO,4254.83638
1101,WALK,397.1729
1102,AUTO,7055.87989
1102,SCHOOL_BUS,164.70266
1103,AUTO,1956.35551
1103,TNC,238.05192
1104,AUTO,458.145
1104,WALK,357.99045
1105,AUTO,8323.55839
1105,WALK,2714.27166
1106,AUTO,8076.65031
1106,WALK,399.13932
1107,AUTO,6829.64444
1107,WALK,300.47382
1108,AUTO,340.36473
1108,BIKE,51.15216
1109,AUTO,4945.53029
1109,WALK,2.22128
1110,AUTO,2363.20239
1110,WALK,1392.68705
1111,AUTO,24215.45403
1111,WALK,2258.62531
1112,AUTO,941.52321
1113,AUTO,16636.61784
1113,WALK,18.44573
1114,AUTO,4127.43029
1115,AUTO,12504.98712
1115,SCHOOL_BUS,204.45178
1116,AUTO,20698.17959
1116,WALK,1411.38136
1117,AUTO,3362.95629
1117,WALK,906.60061
1118,AUTO,500.91269
1119,AUTO,6342.86004
1120,AUTO,4507.87826
1120,BIKE,3290.38175
1121,AUTO,653.16745
1122,AUTO,4626.05443
1122,WALK,210.7968
1123,AUTO,5534.55613
1123,BIKE,586.55641
1123,SCHOOL_BUS,3482.2043
1123,TRANSIT,1846.28564
1124,AUTO,1048.299
1124,WALK,422.32822
1125,AUTO,10339.72254
1125,BIKE,102.88027
1125,WALK,18710.44708
1126,AUTO,5857.66718
1126,BIKE,2258.84652
1126,WALK,124.87734
1127,AUTO,3453.81047
1128,AUTO,459.26027
1128,BIKE,2229.49481
1129,AUTO,7536.13097
1129,BIKE,1173.11282
1129,WALK,86.49767
1130,AUTO,1637.71305
1131,AUTO,1062.63731
1131,BIKE,25.57608
1131,TRANSIT,38.97244
1132,AUTO,3985.70332
1132,WALK,2453.02364
1133,AUTO,1691.02794
1133,OTHER,39.52556
1134,AUTO,1310.40021
1135,AUTO,8378.26279
1135,WALK,3826.47076
1136,AUTO,2772.30894
1136,OTHER,39.52556
1137,AUTO,3249.95282
1137,BIKE,40.92515
1137,WALK,5501.75066
1138,AUTO,979.96918
1138,WALK,410.59004
1139,AUTO,9816.07631
1139,BIKE,125.15445
1140,AUTO,15347.6607
1141,AUTO,8782.55288
1141,SCHOOL_BUS,1238.38183
1141,WALK,115.62569
1142,AUTO,3306.45626
1143,AUTO,6502.80955
1143,WALK,40.92515
1144,AUTO,21590.95196
1144,BIKE,122.77545
1144,OTHER,238.29314
1144,WALK,1594.41491
1145,AUTO,1300.80668
1146,AUTO,33180.09907
1146,WALK,12768.91105
1147,AUTO,16641.90368
1147,WALK,4394.56713
1148,AUTO,4738.69089
1149,AUTO,8729.60081
1149,WALK,7892.80402
1150,AUTO,1323.25585
1150,BIKE,98.62012
1150,WALK,411.74357
1151,AUTO,622.27089
1152,AUTO,19574.66439
1152,WALK,413.53374
1153,AUTO,5219.54414
1154,AUTO,4921.8924
1155,AUTO,3600.93763
1156,AUTO,5876.59432
1156,WALK,2273.39449
1157,AUTO,8540.25647
1157,BIKE,213.02046
1157,WALK,15089.06657
1158,AUTO,9770.52421
1159,AUTO,7677.94435
1160,WALK,2257.40223
1161,AUTO,632.90636
1161,TNC,56.73213
1161,WALK,172.36087
1162,AUTO,4399.2591
1162,BIKE,98.62012
1162,TRANSIT,55.7178
1162,WALK,790.66461
1163,AUTO,7035.23178
1163,WALK,84.01617
1164,AUTO,7290.72955
1166,AUTO,1139.44681
1167,AUTO,2035.4935
1167,TRANSIT,106.51023
1168,AUTO,20554.18507
1168,TNC,140.68656
1168,WALK,4796.41042
1169,AUTO,13250.34022
1170,AUTO,2997.71888
1171,AUTO,10684.71212
1172,AUTO,6888.38474
1173,AUTO,9990.01415
1173,WALK,1491.93946
1174,AUTO,3049.88931
1175,AUTO,1579.9167
1175,SCHOOL_BUS,246.70754
1176,AUTO,4488.56572
1176,TRANSIT,3290.38175
1176,WALK,73.74075
1177,AUTO,1342.9291
1177,WALK,163.30075
1178,AUTO,542.01543
1179,AUTO,4584.28151
1179,TAXI_NOT_TNC,106.51023
1180,AUTO,1817.27287
1181,AUTO,50.69381
1182,AUTO,21641.27427
1182,TRANSIT,24.40411
1183,AUTO,394.81585
1183,WALK,201.63268
1184,AUTO,3158.95624
1184,BIKE,6118.32213
1184,TRANSIT,184.42648
1185,AUTO,3107.33572
1186,AUTO,44198.39482
1186,BIKE,8657.85944
1186,SCHOOL_BUS,3482.2043
1186,WALK,3648.2603
1187,AUTO,2450.62669
1188,AUTO,5259.19529
1188,WALK,1757.3385
1189,AUTO,19783.8759
1189,BIKE,125.15445
1189,TNC,812.70133
1190,AUTO,17290.40342
1191,AUTO,6115.78146
1191,BIKE,102.02933
1191,WALK,600.33551
1192,AUTO,18079.88737
1192,TNC,812.70133
1192,WALK,902.65019
1193,AUTO,6564.78671
1193,BIKE,105.3984
1193,WALK,152.41809
1194,AUTO,2104.55184
1194,TRANSIT,537.81922
1194,WALK,387.00237
1195,AUTO,2490.82555
1195,BIKE,42.87865
1195,WALK,1643.77512
1196,AUTO,2132.818
1196,WALK,3805.10554
1197,AUTO,15731.67734
1197,TRANSIT,861.09675
1197,WALK,3026.93406
1199,AUTO,297.8683
1200,AUTO,151.00038
1201,AUTO,208.67914
1203,AUTO,598.26686
1203,WALK,303.01194
1204,AUTO,50.69381
1205,AUTO,115.48153
1205,TAXI_NOT_TNC,181.3318
1205,TNC,974.64366
1206,AUTO,10641.90333
1206,WALK,100.81634
1207,AUTO,897.57299
1208,AUTO,5519.89515
1208,WALK,118.46386
1209,AUTO,2928.21565
1210,AUTO,1050.5554
1211,AUTO,2562.75609
1211,TRANSIT,38.97244
1212,AUTO,4286.87167
1213,AUTO,10110.69218
1214,AUTO,7566.57692
1214,WALK,1762.16991
1215,AUTO,5080.86942
1215,OTHER,312.76912
1216,AUTO,4482.00995
1216,TRANSIT,1380.06473
1216,WALK,483.38535
1217,AUTO,8424.42639
1217,CAR_SHARE,26.99727
1217,TRANSIT,758.34933
1217,WALK,42.19392
1218,AUTO,627.54843
1219,AUTO,366.93497
1220,AUTO,101.66595
1220,WALK,237.92073
1221,AUTO,5712.00943
1221,TRANSIT,732.81944
1222,AUTO,106.28844
1223,AUTO,3597.36224
1224,AUTO,771.36414
1225,AUTO,15667.15553
1225,OTHER,115.8532
1226,AUTO,2671.35139
1226,BIKE,102.02933
1227,AUTO,7031.20666
1227,BIKE,106.51023
1228,AUTO,18105.19803
1228,BIKE,250.3089
1228,TAXI_NOT_TNC,181.3318
1228,WALK,520.82046
1229,AUTO,4320.31024
1230,AUTO,200.50368
1231,AUTO,108.37549
1231,TRANSIT,237.92073
1231,WALK,237.92073
1232,AUTO,8782.78457
1232,TRANSIT,732.81944
1232,WALK,732.81944
1233,AUTO,2.90895
1233,TNC,974.64366
1233,TRANSIT,861.09675
1233,WALK,3435.75423
1234,AUTO,3125.14044
1234,WALK,206.04468
1235,AUTO,4815.03224
1236,AUTO,1987.08216
1236,WALK,2803.4848
1237,AUTO,5571.58971
1238,AUTO,2935.44924
1239,AUTO,1553.71517
1239,OTHER,210.7968
1239,WALK,886.46798
1240,AUTO,607.00146
1240,BIKE,6392.54405
1240,WALK,197.89134
1242,AUTO,3281.68105
1243,AUTO,2571.14979
1244,AUTO,4968.11979
1245,AUTO,18360.54307
1245,WALK,197.29074
1246,AUTO,3388.09576
1247,AUTO,3045.49382
1248,AUTO,487.30544
1249,AUTO,751.28882
1250,AUTO,1148.77907
1250,TNC,56.73213
1250,WALK,226.92852
1251,AUTO,60.94909
1252,AUTO,471.00414
1252,WALK,1260.06253
1253,AUTO,2245.34706
1254,AUTO,4126.50512
1255,AUTO,1754.09599
1256,AUTO,1605.65259
1256,SHUTTLE_VANPOOL,116.28091
1257,AUTO,284.99885
1258,BIKE,190.22469
1259,AUTO,2708.94166
1259,WALK,196.54608
1260,AUTO,1844.25919
1260,WALK,848.60432
1261,AUTO,1028.22311
1261,WALK,253.23893
1262,AUTO,196.97298
1263,AUTO,11590.49386
1263,WALK,163.5608
1264,AUTO,1443.66646
1265,AUTO,188.44124
1265,WALK,115.47538
1266,AUTO,1341.18794
1267,AUTO,468.21603
1267,BIKE,18.28361
1267,WALK,115.47538
1268,AUTO,1939.40831
1268,WALK,176.27949
1269,AUTO,235.14501
1272,AUTO,1225.24093
1272,BIKE,106.51023
1272,TAXI_NOT_TNC,106.51023
1272,TRANSIT,106.51023
1273,AUTO,3007.77463
1273,BIKE,207.38696
1273,TRANSIT,861.09675
1274,AUTO,7118.23442
1274,BIKE,207.38696
1274,OTHER,443.23399
1274,TRANSIT,886.46798
1275,AUTO,2462.32731
1276,AUTO,2995.79345
1277,AUTO,12169.60928
1278,AUTO,530.38359
1278,BIKE,371.90556
1278,WALK,22.72945
1279,AUTO,203.3319
1280,AUTO,67.63373
1281,AUTO,516.32317
1282,AUTO,4293.904
1282,WALK,1838.77925
1283,AUTO,8424.97587
1284,AUTO,5892.44711
1285,AUTO,41.07808
1286,AUTO,316.21572
1286,WALK,100.20144
1287,AUTO,1241.06047
1288,AUTO,1870.36856
1289,AUTO,8374.42469
1289,BIKE,1168.77364
1289,TNC,414.77392
1289,WALK,3031.12025
1290,AUTO,19959.64885
1290,TRANSIT,429.82572
1290,WALK,414.77392
1291,AUTO,403.65288
1292,AUTO,11718.86857
1292,WALK,2827.85076
1293,AUTO,9329.89475
1293,BIKE,273.16792
1293,WALK,16115.53002
1295,AUTO,3328.38543
1295,WALK,425.78727
1296,AUTO,5586.83249
1297,AUTO,6468.27609
1297,TRANSIT,520.82046
1298,AUTO,5171.31599
1299,AUTO,695.5571
1300,AUTO,11203.03198
1300,OTHER,3275.4079
1300,TRANSIT,294.019
1300,WALK,116.00359
1301,AUTO,2190.87355
1301,BIKE,190.22469
1301,OTHER,190.22469
1301,TRANSIT,429.82572
1301,WALK,541.26169
1302,AUTO,7824.57189
1302,BIKE,1999.10421
1302,WALK,1063.26534
1303,AUTO,4992.47647
1303,TRANSIT,151.67864
1303,WALK,204.36797
1304,AUTO,10063.83781
1304,SCHOOL_BUS,25.77046
1304,TRANSIT,98.36514
1304,WALK,6016.70617
1305,AUTO,57.41389
1306,AUTO,1014.24227
1306,BIKE,124.11392
1306,WALK,198.26061
1307,AUTO,5043.95588
1307,WALK,216.08051
1308,AUTO,2267.70757
1309,AUTO,8632.19282
1309,OTHER,634.17809
1310,AUTO,386.36634
1310,TRANSIT,520.82046
1311,AUTO,18678.23837
1313,AUTO,81.3121
1313,WALK,121.96815
1314,AUTO,15453.17959
1314,BIKE,1938.27841
1315,AUTO,1131.88413
1315,TNC,99.54073
1316,AUTO,11102.76573
1318,AUTO,3919.30361
1318,WALK,22.72945
1319,AUTO,10998.25393
1320,AUTO,367.5382
1320,BIKE,124.11392
1321,AUTO,235.51267
1322,AUTO,799.85386
1324,AUTO,4287.71679
1325,AUTO,6747.45968
1326,AUTO,14160.26199
1327,AUTO,10717.7133
1328,AUTO,7025.72023
1328,BIKE,124.11392
1328,TRANSIT,106.51023
1328,WALK,124.11392
1329,AUTO,1139.77503
1331,AUTO,149.90653
1332,AUTO,582.68701
1333,AUTO,1980.89742
1333,TRANSIT,520.82046
1334,AUTO,1588.25631
1335,AUTO,7397.6461
1335,OTHER,952.72244
1335,TRANSIT,22.9755
1336,AUTO,3771.36288
1336,WALK,6065.9074
1337,AUTO,2943.93785
1338,AUTO,3814.00252
1339,AUTO,450.11845
1340,AUTO,150.67279
1340,WALK,266.86211
1341,AUTO,115.49016
1342,AUTO,5028.3848
1343,AUTO,1059.65742
1344,AUTO,18473.24472
1344,OTHER,190.22469
1344,TNC,1261.35733
1344,TRANSIT,1046.312
1344,WALK,2821.39421
1345,AUTO,447.62042
1346,AUTO,1125.85522
1347,AUTO,5449.66583
1348,AUTO,3266.11168
1348,BIKE,139.55152
1348,TRANSIT,41.12054
1349,AUTO,172.75536
1350,AUTO,1568.87506
1351,AUTO,4585.9394
1352,AUTO,8597.41063
1352,OTHER,784.415
1352,WALK,98.46949
1353,AUTO,4671.62997
1353,TRANSIT,663.93674
1354,AUTO,1794.99013
1354,WALK,1870.79419
1355,AUTO,583.60543
1356,AUTO,24283.55166
1357,AUTO,16611.10065
1358,AUTO,32.02904
1359,AUTO,4599.44773
1359,WALK,197.19206
1360,TAXI_NOT_TNC,32.53331
1360,TRANSIT,150.43194
1361,AUTO,885.77558
1361,BIKE,72.2727
1362,AUTO,148.15266
1363,AUTO,4756.23357
1363,BIKE,72.2727
1364,AUTO,5855.70378
1364,WALK,101.8678
1365,AUTO,2425.53835
1365,WALK,26.99727
1366,AUTO,2172.74662
1366,TNC,139.02503
1367,AUTO,1331.44185
1368,AUTO,1165.66595
1369,AUTO,2092.24958
1369,SHUTTLE_VANPOOL,137.7174
1370,AUTO,1282.76936
1370,LONG_DIST_PASS,4661.99748
1370,WALK,39.96822
1371,AUTO,2368.0574
1372,AUTO,5598.82084
1372,WALK,463.4128
1373,AUTO,3875.5973
1374,AUTO,2291.2332
1375,AUTO,12033.31103
1375,WALK,1858.89738
1376,AUTO,3069.19662
1376,TRANSIT,443.23399
1376,WALK,1781.93049
1377,AUTO,20795.06268
1378,AUTO,5237.51883
1378,BIKE,66.83496
1379,AUTO,693.70644
1380,AUTO,509.27398
1381,AUTO,567.4468
1382,AUTO,3211.6246
1383,AUTO,1829.97646
1384,AUTO,1710.13544
1384,TRANSIT,42.62681
1385,AUTO,1886.47305
1386,AUTO,6253.17275
1386,WALK,560.55417
1387,AUTO,1639.8107
1387,WALK,600.17157
1388,AUTO,281.60929
1389,AUTO,8785.32612
1389,TRANSIT,1124.81684
1389,WALK,1198.68478
1390,AUTO,44.10435
1391,AUTO,1225.4668
1391,WALK,101.66595
1392,AUTO,13427.94622
1393,AUTO,388.33316
1394,AUTO,2241.04294
1394,WALK,98.27306
1395,AUTO,11179.65685
1396,AUTO,626.56199
1397,AUTO,2286.31815
1397,WALK,2322.4606
1398,AUTO,4379.14737
1399,AUTO,2150.92513
1400,AUTO,4308.60232
1400,SCHOOL_BUS,1110.85399
1401,AUTO,1427.3892
1401,WALK,119.62429
1402,AUTO,869.52899
1402,TNC,81.66026
1402,WALK,36.56726
1403,AUTO,197.4758
1403,WALK,358.87287
1404,AUTO,285.95142
1405,AUTO,4.36342
1406,AUTO,7773.34685
1406,BIKE,43.03641
1406,WALK,101.66595
1407,AUTO,2094.25073
1408,AUTO,2808.35492
1408,WALK,98.27306
1409,AUTO,5119.42322
1409,WALK,98.28562
1410,AUTO,4481.34037
1410,WALK,765.13982
1411,AUTO,3201.30981
1411,SCHOOL_BUS,965.24316
1411,TRANSIT,1687.22526
1411,WALK,2534.8132
1412,AUTO,8651.83664
1412,TRANSIT,562.40842
1412,WALK,1124.81684
1413,AUTO,10645.80402
1415,AUTO,1752.69973
1416,AUTO,1019.51312
1416,WALK,58.47716
1417,AUTO,98.28562
1417,OTHER,34.61862
1418,AUTO,9953.2639
1419,AUTO,19160.58827
1419,BIKE,365.98324
1419,WALK,182.99162
1420,AUTO,2700.90158
1420,WALK,181.46263
1421,AUTO,1123.15881
1422,AUTO,2099.54783
1422,WALK,391.53264
1423,AUTO,12193.87661
1425,AUTO,6434.465
1426,AUTO,2567.678
1426,WALK,4582.55629
1427,AUTO,8065.44783
1427,WALK,1110.85399
1428,AUTO,7138.17667
1429,AUTO,6082.34374
1429,OTHER,3287.59698
1429,TRANSIT,443.23399
1430,AUTO,7849.23739
1431,AUTO,10790.50643
1431,WALK,2008.04687
1432,AUTO,3640.67919
1433,AUTO,441.18899
1434,AUTO,6047.1057
1434,TNC,41.07703
1436,AUTO,2961.99713
1437,AUTO,13152.11692
1437,BIKE,30.00598
1437,OTHER,34.61862
1438,AUTO,601.99206
1439,AUTO,79.13429
1440,AUTO,5409.4046
1441,AUTO,1787.37483
1442,AUTO,4076.72053
1442,OTHER,241.18776
1443,AUTO,2456.03864
1444,AUTO,199.18948
1445,AUTO,12536.12773
1446,AUTO,343.40414
1446,BIKE,30.00598
1446,WALK,171.91847
1448,AUTO,2336.58195
1448,SCHOOL_BUS,129.99131
1449,AUTO,2627.65949
1450,AUTO,994.52847
1451,AUTO,1024.14535
1452,AUTO,309.44886
1453,AUTO,3417.73708
1453,WALK,12811.55783
1454,AUTO,6818.23581
1454,WALK,171.91847
1455,AUTO,13860.29922
1456,AUTO,1770.66448
1457,AUTO,17515.60821
1458,AUTO,2466.56181
1459,AUTO,2184.57152
1460,AUTO,136.03708
1461,AUTO,41.83866
1462,AUTO,641.15632
1463,AUTO,12956.19399
1463,BIKE,22.72944
1464,AUTO,1684.90273
1465,AUTO,5569.25421
1466,AUTO,1247.24764
1466,TRANSIT,98.29656
1466,WALK,610.54751
1467,AUTO,1758.73998
1468,AUTO,1998.07119
1468,TRANSIT,81.66026
1469,AUTO,10092.84156
1469,BIKE,196.55658
1469,WALK,972.2689
1470,AUTO,7171.06395
1471,AUTO,9017.219
1471,WALK,195.76632
1472,AUTO,171.81066
1473,AUTO,15204.00907
1474,AUTO,3428.21233
1474,WALK,2398.04256
1475,AUTO,317.69081
1476,AUTO,10529.1812
1476,TRANSIT,965.24316
1477,AUTO,1867.73162
1478,AUTO,4195.40512
1478,WALK,98.8018
1479,AUTO,183.46273
1480,AUTO,616.86016
1480,WALK,49.04968
1481,AUTO,5055.2112
1481,TRANSIT,138.92812
1482,AUTO,2817.01025
1483,AUTO,8800.62068
1484,AUTO,79.05536
1485,AUTO,7552.52802
1486,AUTO,1933.96894
1486,WALK,98.50141
1487,AUTO,13393.21661
1488,AUTO,906.63471
1489,AUTO,5151.49853
1489,TRANSIT,227.16302
1489,WALK,266.92706
1490,AUTO,7503.29621
1490,WALK,6074.61088
1491,AUTO,6047.60108
1491,OTHER,98.36514
1491,WALK,98.8018
1492,AUTO,463.84404
1493,AUTO,2174.14008
1494,AUTO,3341.88866
1495,AUTO,39.35036
1495,SHUTTLE_VANPOOL,34.42935
1496,AUTO,6823.34217
1496,WALK,1489.54145
1497,AUTO,709.82154
1497,TNC,732.81944
1497,WALK,861.09675
1498,AUTO,1496.4334
1498,WALK,230.1027
1499,AUTO,4654.06198
1499,TRANSIT,1884.16992
1499,WALK,115.05135
1500,AUTO,305.09983
1500,WALK,115.05135
1501,AUTO,8468.34953
1502,AUTO,7827.86655
1502,BIKE,2020.98112
1503,AUTO,4823.92268
1504,AUTO,1.90562
1506,AUTO,325.55219
1507,AUTO,323.1951
1508,AUTO,77.31138
1509,AUTO,1199.35574
1511,AUTO,439.70002
1511,WALK,193.63322
1512,AUTO,8946.97997
1512,BIKE,49.10694
1512,WALK,99.43252
1513,AUTO,387.26644
1513,WALK,387.26644
1514,BIKE,24.55347
1515,AUTO,3359.69411
1515,WALK,330.54962
1516,AUTO,6872.80861
1516,WALK,3959.86126
1517,AUTO,652.03802
1518,AUTO,245.15762
1518,BIKE,24.55347
1518,WALK,4577.06952
1519,AUTO,5678.24014
1519,BIKE,18.28361
1519,WALK,24.91699
1520,AUTO,2867.97923
1520,SHUTTLE_VANPOOL,34.42935
1520,WALK,158.17558
1521,AUTO,1559.25093
1521,TNC,39.74852
1521,TRANSIT,158.99408
1521,WALK,105.3984
1522,AUTO,322.84205
1523,AUTO,116.1438
1523,WALK,250.54532
1524,AUTO,6527.80298
1524,TNC,39.74852
1524,WALK,197.9241
1525,AUTO,997.85767
1526,AUTO,253.04077
1527,AUTO,261.93993
1527,SHUTTLE_VANPOOL,68.8587
1528,AUTO,1635.35243
1528,SHUTTLE_VANPOOL,68.8587
1529,AUTO,10.7454
1530,AUTO,319.7365
1530,TRANSIT,132.54181
1530,WALK,415.87819
1531,AUTO,6577.86799
1531,WALK,4376.61166
1532,AUTO,8917.71769
1532,BIKE,2067.3762
1532,WALK,2190.67715
1533,AUTO,2073.53212
1533,BIKE,651.13262
1534,AUTO,18119.73486
1534,BIKE,32.12481
1534,WALK,111.45566
1535,AUTO,8886.01413
1535,TRANSIT,336.26687
1536,AUTO,7885.81444
1536,OTHER,277.81027
1536,WALK,437.46934
1537,AUTO,2766.50603
1537,WALK,9.23415
1538,AUTO,2338.88006
1538,WALK,39.76994
1539,AUTO,611.47203
1539,WALK,204.03978
1540,AUTO,669.93782
1541,AUTO,1470.42796
1541,WALK,82.09154
1544,AUTO,6233.17078
1544,WALK,79.05105
1545,AUTO,4592.32052
1546,AUTO,1499.92722
1546,SCHOOL_BUS,129.99131
1546,WALK,323.19944
1547,AUTO,7255.63455
1548,AUTO,4983.47893
1549,AUTO,7122.54248
1549,WALK,10758.09834
1550,AUTO,1691.45226
1551,AUTO,1305.64366
1551,TRANSIT,1849.75804
1551,WALK,2774.63706
1552,AUTO,2632.70122
1553,AUTO,5076.28719
1554,AUTO,4003.23017
1555,AUTO,880.87219
1556,AUTO,786.06239
1557,AUTO,5921.31708
1558,AUTO,8773.32755
1559,AUTO,123.13872
1560,AUTO,16966.21543
1561,AUTO,3805.58708
1561,TRANSIT,2774.63706
1561,WALK,106.28844
1562,AUTO,654.20899
1562,TRANSIT,151.67864
1562,WALK,354.80934
1563,AUTO,848.70369
1563,TRANSIT,99.54073
1563,WALK,54.33744
1564,AUTO,2815.30009
1565,AUTO,1241.12904
1567,AUTO,432.08411
1568,AUTO,3033.66336
1569,AUTO,2127.94987
1570,AUTO,1203.52343
1571,AUTO,645.81675
1572,AUTO,1150.03541
1572,BIKE,54.33744
1572,WALK,54.33744
1573,AUTO,750.98634
1573,SCHOOL_BUS,82.32093
1574,AUTO,1457.86234
1574,WALK,401.6972
1575,AUTO,1222.48672
1576,AUTO,568.16037
1577,AUTO,474.12561
1578,AUTO,77.75183
1579,AUTO,727.02075
1579,WALK,196.57896
1581,AUTO,668.05213
1582,AUTO,3409.7225
1582,WALK,196.80194
1583,AUTO,951.31158
1584,AUTO,8946.72112
1585,AUTO,300.03838
1586,AUTO,704.62436
1587,AUTO,3825.19035
1587,SHUTTLE_VANPOOL,1421.07936
1587,WALK,119.59753
1588,AUTO,207.51424
1589,AUTO,3924.17661
1589,WALK,3444.387
1590,AUTO,1000.69541
1592,AUTO,1437.41466
1592,WALK,39.28635
1593,AUTO,906.88505
1593,WALK,46.16328
1594,BIKE,733.06202
1595,AUTO,4270.22128
1595,BIKE,518.66735
1595,SHUTTLE_VANPOOL,34.42935
1596,AUTO,288.12263
1596,BIKE,911.45526
1596,SHUTTLE_VANPOOL,137.7174
1596,TRANSIT,34.42935
1597,AUTO,8489.86043
1598,AUTO,5080.45788
1599,AUTO,2087.42951
1599,WALK,201.63268
1600,AUTO,1066.91756
1600,WALK,3.65576
1601,AUTO,1031.34598
1602,AUTO,5403.40047
1602,WALK,2330.99874
1603,AUTO,9260.15332
1603,OTHER,98.36514
1603,TRANSIT,237.5604
1604,AUTO,318.53951
1605,AUTO,288.64178
1606,AUTO,321.54087
1607,AUTO,6.77758
1608,AUTO,4403.7762
1609,AUTO,633.60541
1610,AUTO,5342.18247
1610,BIKE,54.33744
1610,WALK,116.6468
1611,AUTO,3522.41525
1611,BIKE,115.49016
1612,AUTO,10186.43465
1612,SCHOOL_BUS,36.13635
1613,AUTO,15380.32459
1613,BIKE,2769.36061
1613,TRANSIT,1437.88007
1613,WALK,5453.07028
1614,AUTO,3716.17672
1614,WALK,394.70042
1615,AUTO,3810.6643
1616,AUTO,39.30561
1617,AUTO,1538.34742
1618,AUTO,598.60484
1619,AUTO,1535.92658
1620,AUTO,761.70727
1621,AUTO,374.27367
1622,AUTO,1623.44345
1622,SCHOOL_BUS,431.93527
1623,AUTO,5005.40135
1623,BIKE,54.33744
1623,SCHOOL_BUS,381.42568
1624,AUTO,621.52264
1625,AUTO,1860.30208
1626,AUTO,1423.19904
1627,AUTO,483.8583
1628,AUTO,13863.31573
1628,TRANSIT,121.90575
1629,AUTO,8316.36666
1630,AUTO,7778.4816
1631,AUTO,842.50734
1631,BIKE,111.1102
1631,SHUTTLE_VANPOOL,34.42935
1631,WALK,202.63418
1632,AUTO,3617.17598
1633,AUTO,3042.14864
1633,TRANSIT,100.71085
1633,WALK,223.1016
1634,AUTO,3119.91134
1634,TRANSIT,1722.1935
1634,WALK,2574.61047
1635,AUTO,5828.00218
1636,AUTO,40.72374
1637,AUTO,3033.9218
1638,AUTO,268.37271
1639,AUTO,1541.29326
1640,AUTO,6713.94294
1640,BIKE,567.07733
1641,AUTO,3976.93451
1642,AUTO,1760.79321
1643,AUTO,2466.89304
1643,WALK,98.8018
1644,AUTO,31.31083
1645,AUTO,4555.4753
1645,TRANSIT,2410.73541
1645,WALK,1177.3427
1646,AUTO,580.72234
1646,OTHER,991.52944
1646,WALK,103.02158
1647,AUTO,3473.97746
1647,TRANSIT,1145.25141
1647,WALK,201.13253
1648,AUTO,4956.16976
1648,OTHER,1235.9827
1648,WALK,103.02158
1649,AUTO,68.8587
1650,AUTO,2737.4855
1651,AUTO,994.07824
1652,AUTO,6544.45266
1652,BIKE,9654.1099
1652,TRANSIT,1128.06209
1653,AUTO,1183.37082
1653,TRANSIT,292.79924
1653,WALK,165.85344
1654,AUTO,457.54737
1655,AUTO,195.38254
1656,AUTO,1161.22331
1657,AUTO,4475.49542
1657,CAR_SHARE,1.19818
1657,TRANSIT,194.5263
1657,WALK,156.33604
1658,AUTO,1595.54285
1659,AUTO,381.42568
1659,SCHOOL_BUS,381.42568
1659,SHUTTLE_VANPOOL,68.8587
1660,AUTO,3065.86445
1660,CAR_SHARE,1.19818
1661,AUTO,195.66157
1661,WALK,861.09675
1662,AUTO,1696.30572
1663,AUTO,213.97665
1665,AUTO,224.10832
1665,WALK,99.85638
1666,AUTO,8254.05423
1666,BIKE,6757.87693
1667,AUTO,3572.86641
1667,TRANSIT,1514.37649
1667,WALK,2119.89507
1668,AUTO,6918.82964
1668,BIKE,13.09026
1668,WALK,179.09121
1669,AUTO,4106.44281
1669,OTHER,138.92812
1669,WALK,231.00602
1670,AUTO,1120.94485
1671,AUTO,4850.57261
1671,TRANSIT,926.0772
1671,WALK,432.36375
1672,AUTO,7426.2732
1672,WALK,8701.18644
1673,AUTO,522.52276
1673,BIKE,189.23595
1673,TAXI_NOT_TNC,315.06053
1673,TRANSIT,589.49747
1673,WALK,178.25418
1674,AUTO,1746.78842
1674,BIKE,4.36342
1674,WALK,216.2137
1675,AUTO,466.21877
1675,WALK,1491.93946
1676,AUTO,840.27708
1676,WALK,115.85685
1677,AUTO,9047.30022
1677,TRANSIT,140.68656
1677,WALK,656.22569
1678,AUTO,1180.4568
1678,BIKE,60.80805
1678,WALK,338.42199
1679,AUTO,1420.29599
1679,BIKE,606.67069
1679,TNC,179.33404
1679,TRANSIT,444.56152
1679,WALK,288.07835
1680,AUTO,725.92717
1680,OTHER,98.29656
1680,WALK,162.32043
1681,AUTO,1956.94475
1681,BIKE,1233.64212
1681,WALK,460.52406
1682,AUTO,3857.10511
1682,WALK,98.8018
1684,AUTO,554.28649
1684,WALK,118.40609
1685,AUTO,2396.3297
1686,AUTO,11369.53253
1687,AUTO,1594.58841
1687,TNC,98.82737
1688,AUTO,2939.42085
1688,SHUTTLE_VANPOOL,309.86415
1688,WALK,116.12673
1689,AUTO,8219.96417
1689,TRANSIT,115.47525
1689,WALK,230.9505
1690,AUTO,530.90244
1691,AUTO,239.82993
1692,AUTO,1137.5986
1693,AUTO,6033.16032
1693,TRANSIT,3218.20075
1693,WALK,8048.09323
1695,AUTO,2369.87705
1695,WALK,839.01551
1696,AUTO,165.74495
1697,AUTO,195.30916
1697,TRANSIT,33.38882
1698,AUTO,612.53178
1698,WALK,215.91676
1699,AUTO,3057.4013
1699,BIKE,674.93441
1699,TRANSIT,1145.25141
1699,WALK,5306.59644
1700,AUTO,1000.48078
1700,BIKE,533.57169
1700,WALK,2267.7347
1701,AUTO,1771.02337
1701,BIKE,3861.64396
1701,TRANSIT,39.74852
1701,WALK,31.14119
1702,AUTO,3460.46533
1702,WALK,1950.68185
1703,AUTO,60.0112
1703,WALK,982.85952
1704,AUTO,263.13946
1704,OTHER,1938.50917
1704,TRANSIT,1.19818
1704,WALK,18.44573
1705,AUTO,3587.08156
1705,TRANSIT,974.64366
1706,AUTO,2452.80127
1706,WALK,3131.03072
1707,AUTO,1996.48074
1707,TRANSIT,39.74852
1707,WALK,8755.24215
1708,AUTO,804.8451
1708,WALK,924.87902
1709,AUTO,4269.35617
1709,BIKE,8.72684
1709,WALK,723.02457
1710,AUTO,2174.42203
1710,WALK,465.29479
1711,AUTO,636.46015
1711,WALK,2407.97881
1712,AUTO,6046.44706
1712,WALK,2283.98829
1713,AUTO,733.45268
1713,TNC,75.45325
1713,WALK,202.71692
1714,AUTO,410.70584
1714,WALK,195.76632
1715,AUTO,6564.69521
1715,WALK,837.92075
1716,AUTO,15676.70046
1716,TRANSIT,79.49704
1716,WALK,424.07069
1717,AUTO,118.40609
1717,WALK,118.40609
1718,AUTO,1711.89387
1718,TNC,79.49704
1719,AUTO,143.86997
1719,TRANSIT,469.73909
1720,AUTO,559.83394
1720,BIKE,68.48007
1720,WALK,22.82669
1721,AUTO,4526.27963
1721,SCHOOL_BUS,36.13635
1721,SHUTTLE_VANPOOL,137.7174
1721,WALK,36.13635
1722,AUTO,9364.23554
1722,TRANSIT,115.50301
1723,AUTO,405.57292
1723,SCHOOL_BUS,25.77046
1725,AUTO,322.3266
1726,AUTO,337.2023
1726,TRANSIT,869.89007
1727,AUTO,4053.07768
1728,AUTO,229.02913
1729,AUTO,202.1711
1729,BIKE,202.1711
1729,SHUTTLE_VANPOOL,34.42935
1730,AUTO,400.97765
1730,TRANSIT,775.25558
1731,AUTO,18938.29302
1732,BIKE,202.1711
1733,AUTO,589.49747
1734,AUTO,6922.01023
1734,BIKE,582.74237
1734,TNC,73.99411
1734,WALK,1964.2336
1735,AUTO,4273.03501
1736,AUTO,460.11228
1737,AUTO,2899.49117
1738,AUTO,992.45868
1739,AUTO,6157.18438
1739,WALK,22.82669
1740,AUTO,900.67951
1740,SCHOOL_BUS,82.32093
1740,SHUTTLE_VANPOOL,275.4348
1741,AUTO,832.15533
1741,WALK,117.33586
1742,AUTO,718.89357
1742,WALK,117.33586
1743,AUTO,584.7069
1744,AUTO,3408.38263
1745,AUTO,505.04294
1745,SHUTTLE_VANPOOL,34.42935
1746,AUTO,1359.56816
1746,TRANSIT,237.5604
1747,AUTO,431.16557
1748,AUTO,1739.87879
1748,SCHOOL_BUS,469.73909
1749,AUTO,196.68766
1750,AUTO,5002.2872
1750,WALK,1984.26689
1751,AUTO,3443.38778
1751,BIKE,45.65338
1751,SHUTTLE_VANPOOL,116.28091
1751,WALK,2628.63609
1752,AUTO,1208.86116
1752,WALK,18.75681
1753,AUTO,101.66595
1754,AUTO,4932.71481
1754,TNC,4885.95221
1754,TRANSIT,974.64366
1754,WALK,580.89966
1755,AUTO,432.04985
1756,AUTO,5777.22566
1756,BIKE,341.05248
1756,WALK,1302.09508
1757,AUTO,21891.66351
1757,WALK,3091.62152
1758,AUTO,1646.32343
1758,SHUTTLE_VANPOOL,34.42935
1759,AUTO,279.85378
1760,AUTO,2970.4016
1760,BIKE,471.15665
1760,WALK,526.83989
1761,AUTO,2681.4566
1761,WALK,573.66557
1762,AUTO,1746.29821
1763,AUTO,440.19318
1764,AUTO,2973.57804
1764,WALK,369.28703
1765,AUTO,2189.20953
1765,TRANSIT,740.30282
1766,AUTO,814.53508
1766,SHUTTLE_VANPOOL,34.42935
1766,WALK,247.696
1767,AUTO,205.84933
1769,AUTO,2334.0585
1769,TRANSIT,1023.32378
1769,WALK,842.45743
1770,AUTO,5667.47839
1771,AUTO,2818.17869
1771,WALK,336.55884
1772,AUTO,4992.91316
1772,TNC,98.49169
1772,WALK,3156.36152
1773,AUTO,526.74384
1773,TRANSIT,19.00304
1774,AUTO,12379.99429
1774,BIKE,369.28703
1774,TAXI_NOT_TNC,222.91649
1774,TRANSIT,1282.67332
1774,WALK,864.02999
1775,AUTO,626.68959
1775,WALK,306.94356
1776,AUTO,293.87201
1776,WALK,139.83191
1777,AUTO,790.64261
1778,AUTO,9916.86374
1778,WALK,4913.6467
1779,AUTO,205.58837
2001,AUTO,1847.99046
2001,OTHER,587.43343
2002,AUTO,6033.01889
2003,AUTO,115.86451
2005,AUTO,10775.59304
2005,WALK,208.74422
2006,AUTO,33.42258
2006,WALK,410.3134
2007,AUTO,117.85705
2008,AUTO,3353.09588
2009,AUTO,623.04053
2009,OTHER,913.06601
2009,WALK,5478.39606
2010,AUTO,138.42483
2010,OTHER,1174.86686
2011,AUTO,1975.46039
2011,WALK,396.9987
2012,AUTO,1261.63589
2013,AUTO,288.77002
2014,AUTO,4939.03494
2014,WALK,4837.41811
2015,AUTO,4776.8598
2015,OTHER,587.43343
2016,AUTO,8746.8093
2016,OTHER,587.43343
2016,WALK,2041.87673
2017,AUTO,474.15452
2017,TRANSIT,19.06504
2018,AUTO,10457.69882
2019,AUTO,5170.56043
2019,OTHER,587.43343
2019,WALK,9986.36831
2020,AUTO,163.52473
2021,AUTO,3006.82215
2022,AUTO,4708.78214
2023,AUTO,4823.9839
2023,WALK,7800.52772
2024,AUTO,3633.46763
2024,OTHER,1762.30029
2025,AUTO,22961.54155
2026,AUTO,6676.76726
2027,AUTO,12203.86556
2027,WALK,101.33729
2028,AUTO,5362.20302
2028,WALK,2563.49659
2029,AUTO,13761.35441
2029,TNC,1316.71291
2029,TRANSIT,1547.19862
2029,WALK,4180.62444
2030,AUTO,21238.11086
2031,AUTO,4527.91585
2031,TRANSIT,19.06504
2031,WALK,19.06504
2032,AUTO,8975.01839
2033,AUTO,12119.2888
2034,AUTO,1310.53116
2034,WALK,220.4133
2035,AUTO,13406.621
2035,WALK,1860.3695
2036,AUTO,1322.17668
2036,OTHER,22.72942
2036,WALK,1866.75165
2037,AUTO,306.60335
2038,AUTO,6631.36475
2038,TRANSIT,1547.19862
2038,WALK,1547.19862
2039,AUTO,6480.95043
2040,AUTO,6262.45095
2041,AUTO,2847.78697
2041,OTHER,26.37083
2041,WALK,19.06504
2042,AUTO,13603.61615
2043,AUTO,1712.84927
2043,TNC,373.46671
2043,TRANSIT,373.46671
2043,WALK,1159.09902
2044,AUTO,5400.10293
2045,AUTO,8737.27534
2046,AUTO,5806.42273
2047,AUTO,320.63267
2048,AUTO,10294.66548
2049,AUTO,5285.60278
2050,AUTO,3213.84268
2051,AUTO,31271.10198
2051,WALK,6.7052
2053,AUTO,16615.75739
2053,WALK,1849.98305
2054,AUTO,3203.9672
2054,BIKE,155.75122
2055,AUTO,2886.88115
2056,AUTO,1529.7988
2056,WALK,2046.389
2057,WALK,1202.3009
2059,AUTO,1336.05622
2059,OTHER,22.91586
2060,AUTO,6.09454
2061,AUTO,80.30378
2062,AUTO,217.54518
2063,AUTO,6264.73756
2064,AUTO,1131.42796
2064,OTHER,32.12478
2065,AUTO,325.91641
2068,AUTO,11214.71797
2069,AUTO,985.48722
2069,WALK,4.1534
2070,AUTO,5064.95415
2070,WALK,381.10398
2071,AUTO,1424.2854
2072,AUTO,12899.25014
2073,AUTO,1845.13853
2074,AUTO,115.47525
2075,AUTO,257.55519
2076,AUTO,747.46754
2076,WALK,196.54588
2077,AUTO,1309.5904
2078,AUTO,6050.60536
2079,AUTO,98.27294
2079,WALK,2752.72377
2080,AUTO,2299.82101
2080,WALK,917.57459
2081,AUTO,9457.45172
2083,AUTO,21030.52076
2084,AUTO,16640.78898
2085,AUTO,10105.45526
2086,AUTO,4178.81861
2087,AUTO,26463.11835
2088,AUTO,13999.10135
2089,AUTO,10628.25856
2089,WALK,268.38609
2090,AUTO,22796.20506
2090,BIKE,3952.52658
2090,WALK,13310.87999
2091,AUTO,150.20877
2092,AUTO,28788.79588
2093,AUTO,2967.02858
2094,AUTO,315.16064
2095,AUTO,532.10372
2096,AUTO,2771.62757
2097,AUTO,18240.42356
2098,AUTO,3263.30724
2099,AUTO,29202.47762
2100,AUTO,76.26016
2100,TRANSIT,19.06504
2101,AUTO,8462.58451
2102,AUTO,1978.65794
2103,AUTO,4988.40611
2104,AUTO,1437.69338
2105,AUTO,2615.59607
2106,AUTO,1171.779
2107,AUTO,3297.16412
2108,AUTO,567.21105
2108,WALK,120.59199
2109,AUTO,6615.63762
2110,AUTO,8103.50995
2111,AUTO,245.12263
2112,AUTO,1089.83799
2113,AUTO,650.94782
2114,AUTO,4519.05955
2115,AUTO,31569.89813
2115,OTHER,613.64139
2115,SCHOOL_BUS,1227.28278
2115,WALK,9818.26224
2116,AUTO,3658.95274
2116,OTHER,2556.90656
2117,AUTO,154.7717
2118,AUTO,39.72833
2120,AUTO,4583.39211
2121,AUTO,8192.97576
2122,AUTO,93.7849
2123,AUTO,9.14181
2124,AUTO,325.91641
2125,AUTO,628.02828
2126,AUTO,2168.12318
2127,AUTO,227.67538
2128,AUTO,197.17038
2129,AUTO,17.38194
2130,AUTO,238.66106
2131,AUTO,5758.15728
2131,SCHOOL_BUS,1938.24998
2133,AUTO,1928.97456
2135,AUTO,198.7711
2136,AUTO,29417.28998
2136,BIKE,1895.59178
2136,WALK,88.91656
2137,AUTO,100.49816
2140,AUTO,35157.85333
2140,SCHOOL_BUS,454.68229
2140,WALK,454.68229
2141,AUTO,18.75698
2142,AUTO,3271.63807
2143,AUTO,68.30394
2145,AUTO,10413.15643
2146,AUTO,1116.02983
2148,AUTO,2635.27216
2148,WALK,196.55914
2149,AUTO,10741.67097
2149,WALK,132.85872
2150,AUTO,2887.99382
2151,AUTO,628.02828
2151,SCHOOL_BUS,902.97759
2151,WALK,196.56514
2152,AUTO,21423.01782
2152,WALK,3517.3151
2153,AUTO,869.17445
2153,WALK,842.28652
2154,AUTO,636.81389
2155,AUTO,39255.33323
2155,SCHOOL_BUS,448.2953
2155,WALK,628.02828
2156,AUTO,597.01632
2157,AUTO,3465.14525
2158,AUTO,2420.53333
2159,AUTO,28449.30956
2159,OTHER,4464.01282
2160,AUTO,1923.87577
2160,WALK,2012.22708
2163,AUTO,215.41826
2166,AUTO,428.98666
2171,AUTO,504.04028
2172,AUTO,178.83444
2177,AUTO,6127.53201
2178,AUTO,1317.61334
2181,AUTO,454.42277
2182,AUTO,105.40148
2183,AUTO,904.77553
2184,AUTO,854.95455
2185,AUTO,28688.53823
2185,TRANSIT,51.51793
2185,WALK,21135.17787
2187,AUTO,13316.42251
2187,BIKE,5686.77534
2187,SHUTTLE_VANPOOL,53.33664
2188,AUTO,3377.23349
2189,AUTO,624.23723
2190,AUTO,7790.50006
2190,OTHER,585.45579
2190,SCHOOL_BUS,3585.63888
2190,TRANSIT,66.80778
2190,WALK,253.51434
2191,AUTO,11822.66583
2191,WALK,627.2367
2197,AUTO,10488.655
2197,WALK,542.97163
2198,AUTO,6924.29421
2198,TNC,2125.89874
2198,WALK,16.6136
2199,AUTO,1566.41967
2199,WALK,207.7487
2200,AUTO,6837.84648
2200,WALK,196.54602
2203,AUTO,6453.20621
2206,AUTO,10698.61664
2206,OTHER,94.87268
2211,AUTO,7074.56348
2211,WALK,1947.61622
2212,AUTO,12186.92055
2212,SCHOOL_BUS,608.42422
2212,WALK,1227.28278
2213,AUTO,2579.45736
2216,AUTO,14618.16528
2217,AUTO,1118.47087
2218,AUTO,2597.17066
2219,AUTO,9043.15646
2219,WALK,49.79235
2220,AUTO,4665.28596
2220,WALK,196.54602
2221,AUTO,267.71163
2222,AUTO,2481.5469
2222,SCHOOL_BUS,155.49498
2222,WALK,103.66332
2223,AUTO,22.06827
2228,WALK,55.1815
2229,AUTO,6175.33398
2230,AUTO,1033.70308
2231,AUTO,2533.28005
2231,WALK,165.5445
2232,AUTO,11568.68893
2233,AUTO,225.50268
2234,AUTO,1826.506
2234,WALK,628.02828
2235,AUTO,10026.59486
2237,AUTO,1056.07395
2238,AUTO,115.50955
2239,AUTO,7102.78167
2240,AUTO,10885.79967
2240,SCHOOL_BUS,81.23329
2240,WALK,1280.46431
2241,AUTO,9598.76177
2242,AUTO,7803.04008
2242,BIKE,1433.85946
2242,OTHER,169.24916
2242,WALK,204.32304
2243,AUTO,210.40344
2244,AUTO,9027.49113
2244,SCHOOL_BUS,238.10757
2244,TNC,3004.65338
2244,WALK,2498.02942
2245,AUTO,177.48661
2246,AUTO,1263.9351
2246,SCHOOL_BUS,165.22518
2246,WALK,533.74078
2247,AUTO,5417.77727
2248,AUTO,3441.33152
2248,WALK,410.29528
2249,AUTO,575.34876
2249,WALK,99.5847
2250,AUTO,139.13264
2251,BIKE,182.37893
2252,AUTO,55.5122
2254,AUTO,280.56685
2255,AUTO,8563.93804
2256,AUTO,14628.32396
2258,AUTO,186.23801
2261,AUTO,216.44642
2262,AUTO,175.89091
2263,AUTO,500.76077
2263,WALK,152.6221
2265,AUTO,28.32161
2266,AUTO,232.17466
2266,OTHER,376.28988
2266,WALK,376.28988
2270,AUTO,292.27138
2271,AUTO,2605.1216
2272,AUTO,1971.92764
2273,AUTO,2677.32309
2274,AUTO,454.50195
2275,AUTO,678.46472
2276,AUTO,508.21209
2277,AUTO,411.21276
2277,OTHER,722.6483
2277,WALK,649.97084
2278,AUTO,770.43277
2279,AUTO,1904.87852
2279,BIKE,103.87435
2279,WALK,230.9505
2280,AUTO,5946.68146
2281,AUTO,1139.86985
2283,AUTO,98.28257
2284,AUTO,260.33811
2285,AUTO,237.1909
2286,AUTO,1789.64669
2286,SCHOOL_BUS,19.73664
2286,WALK,104.38977
2287,AUTO,10402.27945
2287,SCHOOL_BUS,84.00693
2288,AUTO,262.53598
2288,SCHOOL_BUS,84.00693
2288,WALK,3062.69453
2289,AUTO,2830.40449
2289,OTHER,1583.3151
2289,WALK,2115.73458
2290,AUTO,18.29782
2291,AUTO,41248.73276
2291,WALK,3671.6365
2293,AUTO,84.12826
2296,AUTO,427.40815
2297,AUTO,16367.80805
2298,AUTO,3685.46257
2298,WALK,79.30223
2299,AUTO,1474.36223
2300,AUTO,5483.46524
2300,WALK,98.41532
2301,AUTO,723.80795
2302,AUTO,1338.34752
2302,BIKE,1.27581
2303,AUTO,1969.33444
2303,WALK,212.97876
2304,AUTO,8779.74051
2304,BIKE,1.27581
2305,AUTO,15280.83424
2305,WALK,5758.93822
2306,AUTO,1950.86092
2306,SCHOOL_BUS,82.45089
2307,AUTO,206.5523
2309,AUTO,6.09454
2309,WALK,3051.17962
2313,AUTO,1025.43854
2317,AUTO,407.51137
2318,AUTO,161.90966
2321,AUTO,4951.17888
2322,AUTO,2573.92218
2323,AUTO,7930.78981
2324,AUTO,21966.95098
2324,BIKE,103.87435
2324,SCHOOL_BUS,1938.24998
2324,WALK,710.81531
2325,AUTO,752.41463
2326,AUTO,7469.46721
2327,AUTO,6.09454
2329,AUTO,4630.40457
2329,WALK,115.47525
2331,AUTO,11537.3345
2332,AUTO,512.0291
2333,AUTO,7615.19573
2334,AUTO,234.31491
2338,AUTO,6312.14416
2339,AUTO,642.32883
2340,AUTO,236.21408
2341,AUTO,3601.48429
2342,AUTO,1860.44266
2342,SCHOOL_BUS,247.58827
2342,WALK,294.81903
2343,AUTO,14834.11761
2343,WALK,154.10205
2344,AUTO,1101.0549
2344,WALK,6.09454
2345,AUTO,2077.98631
2345,SCHOOL_BUS,249.31442
2345,WALK,798.23215
2346,AUTO,6506.84733
2347,AUTO,738.77657
2348,AUTO,1372.45611
2348,WALK,7.4468
2349,AUTO,17553.1488
2349,WALK,943.4809
2350,AUTO,7886.83178
2350,WALK,640.06177
2358,AUTO,5060.21452
2359,AUTO,107.05671
2361,AUTO,4177.17682
2365,AUTO,557.15984
2372,AUTO,3557.67593
2372,SCHOOL_BUS,19.73664
2372,WALK,763.85966
2373,AUTO,1320.72796
2374,AUTO,131.47471
2378,AUTO,763.6821
2381,AUTO,1523.05728
2381,WALK,406.05218
2382,AUTO,1140.26351
2384,AUTO,39.52764
2385,AUTO,1006.11354
2390,AUTO,1792.22511
2394,AUTO,236.07382
2395,AUTO,2281.38016
2395,WALK,6844.14048
2396,AUTO,80.15296
2397,AUTO,3445.11693
2397,WALK,988.13809
2398,AUTO,5938.86258
2400,AUTO,1297.2408
2402,AUTO,23.89599
2402,TRANSIT,988.13809
2402,WALK,1976.27618
2403,AUTO,13207.58212
2403,TRANSIT,988.13809
2404,AUTO,165.46376
2406,AUTO,8316.85428
2407,AUTO,352.60765
2408,AUTO,3031.29986
2412,AUTO,1752.69858
2416,AUTO,3247.47978
2419,AUTO,11046.01806
2419,OTHER,11.14146
2420,AUTO,5138.67127
2421,AUTO,2443.17218
2422,AUTO,9212.57258
2422,WALK,612.71762
2423,AUTO,8930.68973
2424,AUTO,8104.19272
2424,WALK,508.27202
2425,AUTO,2120.65087
2425,WALK,196.55514
2427,AUTO,1591.8033
2428,AUTO,470.45122
2429,AUTO,1249.66042
2430,AUTO,1976.27622
2430,WALK,81.59851
2431,AUTO,8927.81859
2432,AUTO,4668.31305
2433,AUTO,3075.91083
2433,TRANSIT,988.13809
2434,AUTO,642.44762
2434,WALK,81.59851
2435,AUTO,1437.61949
2435,TRANSIT,988.13809
2435,WALK,1976.27618
2436,AUTO,2875.76155
2437,AUTO,9292.68808
2437,BIKE,9633.12275
2438,AUTO,5888.42887
2438,TRANSIT,988.13809
2440,AUTO,35.99404
2440,BIKE,9633.12275
2441,AUTO,98.3691
2442,AUTO,2976.83577
2443,AUTO,964.18249
2443,BIKE,201.61236
2445,AUTO,2523.15297
2447,AUTO,53.2122
2448,AUTO,137.4781
2449,AUTO,137.4781
2450,AUTO,687.3905
2451,AUTO,22.72942
2451,OTHER,45.45884
2456,AUTO,1880.25202
2457,AUTO,13787.26195
2457,SCHOOL_BUS,84.17704
2463,AUTO,535.38416
2466,AUTO,196.54588
2471,AUTO,9926.21859
2471,TRANSIT,692.44654
2502,AUTO,1904.69869
2502,WALK,1513.7628
2504,AUTO,175.09734
2505,AUTO,84.75246
2506,WALK,312.02113
2507,AUTO,18.28362
2509,AUTO,566.12516
2510,AUTO,196.65488
2510,WALK,196.7382
2511,AUTO,238.18265
2512,AUTO,5004.57407
2512,WALK,230.9505
2513,AUTO,4755.99075
2515,AUTO,2142.70822
2517,AUTO,13612.56561
2518,AUTO,106.74478
2519,AUTO,196.59596
2521,AUTO,3472.36792
2522,AUTO,252.04851
2523,AUTO,688.01649
2523,WALK,196.57614
2527,AUTO,1213.93418
2530,AUTO,204.69749
2533,AUTO,335.55735
2533,WALK,213.82258
2535,AUTO,1541.49026
2542,AUTO,10747.57753
2542,SCHOOL_BUS,1175.99062
2543,AUTO,196.88646
2552,AUTO,19596.67592
2552,WALK,2899.83036
2554,AUTO,69.73288
2556,AUTO,529.32919
2556,WALK,206.40842
2560,AUTO,883.10575
2562,AUTO,579.56785
2566,AUTO,7318.45114
2567,AUTO,2595.40124
2568,AUTO,1243.31231
2570,AUTO,17387.7009
2571,AUTO,7979.33197
2572,AUTO,1479.24854
2573,AUTO,817.37188
2574,AUTO,1227.45187
2575,AUTO,477.3836
2576,AUTO,9393.24834
2577,AUTO,606.96709
2577,BIKE,24.58091
2578,AUTO,94.53389
2586,AUTO,140.57215
2588,AUTO,18.61161
2590,AUTO,26.6061
2590,OTHER,26.6061
2591,AUTO,124.87904
2592,AUTO,3745.3413
2593,AUTO,102.16152
2593,BIKE,118.40302
2594,AUTO,456.42969
2598,AUTO,45.5247
2600,AUTO,1153.60104
2601,AUTO,37.51396
2603,AUTO,5650.95963
2604,AUTO,5677.94046
2604,WALK,623.49491
2605,AUTO,222.93455
2606,AUTO,9912.21494
2607,AUTO,3555.20576
2607,WALK,1246.98982
2611,AUTO,5327.16734
2615,AUTO,42.57905
2616,AUTO,322.56489
2616,SCHOOL_BUS,43.51218
2617,AUTO,621.72279
2619,AUTO,5711.34163
2619,OTHER,226.67688
2619,WALK,98.27294
2620,AUTO,6916.0562
2620,SCHOOL_BUS,1175.99062
2621,AUTO,1566.71584
2622,AUTO,40.24512
2623,AUTO,481.17102
2623,SCHOOL_BUS,118.47198
2623,WALK,70.00266
2624,AUTO,102.16152
2625,AUTO,1774.31079
2625,OTHER,1208.68942
2625,WALK,2621.70188
2626,AUTO,127.80143
2627,AUTO,120.97019
2629,AUTO,240.32603
2630,AUTO,9852.80758
2631,AUTO,7527.33996
2631,TAXI_NOT_TNC,196.54588
2632,AUTO,2151.90468
2633,AUTO,218.71432
2634,AUTO,8600.42373
2634,WALK,257.90954
2635,AUTO,4429.24569
2636,AUTO,79.1301
2637,AUTO,5231.38301
2637,WALK,720.26706
2638,AUTO,3082.32902
2639,AUTO,2147.16545
2639,SCHOOL_BUS,131.5009
2639,WALK,140.00532
2640,AUTO,179.59217
2641,AUTO,1401.59057
2642,AUTO,4684.06436
2642,TAXI_NOT_TNC,196.54588
2643,AUTO,4951.01187
2644,AUTO,6149.1824
2645,AUTO,7716.04972
2645,BIKE,885.93326
2645,OTHER,2143.58302
2645,WALK,1376.51872
2646,AUTO,3404.55567
2646,OTHER,486.85065
2646,WALK,312.50021
2647,AUTO,16062.4101
2648,AUTO,3604.58398
2648,OTHER,356.48775
2648,WALK,381.46314
2649,AUTO,251.05016
2650,AUTO,477.54823
2651,AUTO,194.52588
2652,AUTO,630.36834
2653,AUTO,79.11249
2654,AUTO,1479.31294
2655,AUTO,773.91445
2656,AUTO,1053.51289
2656,SCHOOL_BUS,79.35419
2656,WALK,248.10606
2657,AUTO,5329.63651
2658,AUTO,12.18908
2659,AUTO,79.05105
2660,AUTO,9507.4053
2661,AUTO,595.35582
2662,AUTO,2456.82335
2663,AUTO,1735.1029
2664,AUTO,1918.9855
2665,AUTO,338.57799
2666,AUTO,3464.05233
2667,AUTO,9573.97843
2668,AUTO,1583.46231
2669,AUTO,230.86863
2670,AUTO,11786.94005
2671,AUTO,606.96709
2673,AUTO,294.26184
2676,AUTO,9540.28291
2677,AUTO,238.10176
2678,AUTO,297.75793
2679,AUTO,20105.14615
2680,AUTO,3144.74766
2681,AUTO,826.968
2681,WALK,393.09336
2683,AUTO,158.55872
2684,AUTO,1534.51374
2684,OTHER,26.6061
2684,TNC,8101.85968
2685,AUTO,560.04592
2686,AUTO,98.34932
2688,AUTO,106.7447
2689,AUTO,550.09478
2691,AUTO,4811.64599
2691,TNC,9776.33896
2692,AUTO,98.27294
2693,AUTO,974.32637
2694,AUTO,10857.85416
2695,AUTO,118.40302
2695,BIKE,118.40302
2696,AUTO,453.7311
2698,AUTO,143.44935
2699,AUTO,5973.53302
2700,AUTO,1356.96745
2701,AUTO,4351.55901
2702,AUTO,133.86282
2703,AUTO,5553.5534
2705,AUTO,2778.82627
2709,AUTO,668.74489
2712,AUTO,583.96336
2714,AUTO,149.78495
2718,AUTO,79.08246
2719,AUTO,214.82949
2727,AUTO,3454.3639
2730,AUTO,2729.51712
2731,AUTO,26.54862
2732,AUTO,2853.29472
2733,AUTO,2835.7116
2735,AUTO,196.54618
2739,AUTO,138.95656
2742,AUTO,4645.80358
2743,AUTO,125.42996
2744,AUTO,39.52764
2803,AUTO,2272.50244
2803,TRANSIT,1828.00791
2807,AUTO,2123.02553
2807,WALK,1916.77406
2808,AUTO,430.16449
2809,AUTO,196.56514
2810,AUTO,213.76914
2812,AUTO,2323.87555
2814,AUTO,352.82778
2815,AUTO,283.3741
2816,AUTO,8763.16777
2816,WALK,230.97314
2817,AUTO,9564.62395
2818,AUTO,1633.95652
2820,AUTO,111.20163
2821,AUTO,938.56074
2822,AUTO,1208.58134
2822,SCHOOL_BUS,79.05105
2825,AUTO,1013.1414
2825,WALK,288.43102
2827,AUTO,2810.15712
2828,AUTO,3779.93891
2828,BIKE,127.79817
2828,SCHOOL_BUS,79.05105
2829,AUTO,2110.99096
2831,AUTO,39.92031
2832,AUTO,14439.70468
2833,AUTO,8876.20667
2833,WALK,7800.35579
2834,AUTO,2387.98165
2836,AUTO,1061.67799
2836,WALK,98.28257
2837,AUTO,1441.81713
2837,WALK,98.28257
2838,AUTO,5267.05485
2839,AUTO,11299.96503
2839,WALK,18323.0135
2840,AUTO,547.17868
2841,AUTO,14701.60111
2842,AUTO,688.70261
2842,WALK,217.52024
2843,AUTO,39.75534
2844,AUTO,11429.23837
2845,AUTO,2003.2994
2849,TRANSIT,914.39714
2850,AUTO,20899.48978
2850,WALK,7378.16246
2851,AUTO,7036.95667
2851,WALK,98.27294
2852,AUTO,3166.22408
2853,AUTO,1764.14059
2854,AUTO,9312.7712
2854,BIKE,127.79817
2854,WALK,1982.62152
2855,AUTO,490.44251
2856,AUTO,7252.74936
2856,WALK,123.56698
2857,AUTO,6283.60746
2859,AUTO,158.10238
2860,AUTO,14802.11326
2861,AUTO,6905.45203
2862,AUTO,32639.47447
2862,TRANSIT,3657.58856
2863,AUTO,7730.66026
2863,WALK,1828.79428
2864,AUTO,106.74478
2865,AUTO,1400.04311
2866,AUTO,497.92087
2868,AUTO,648.96571
2869,AUTO,1495.87307
2869,TAXI_NOT_TNC,203.93172
2870,AUTO,4921.38378
2870,TRANSIT,1840.37455
2871,AUTO,5610.58316
2871,WALK,914.39714
2872,AUTO,11732.09963
2872,TRANSIT,914.39714
2872,WALK,133.10375
2873,AUTO,300.00006
2874,AUTO,9127.0372
2874,WALK,230.9505
2875,AUTO,1968.82841
2876,AUTO,1554.61327
2877,AUTO,382.16337
2877,LONG_DIST_PASS,39.52553
2877,WALK,39.52553
2878,AUTO,632.83765
2879,AUTO,193.8445
2880,AUTO,224.60175
2882,AUTO,125.42996
2883,AUTO,318.95048
2884,AUTO,9849.9879
2885,AUTO,6021.39559
2885,WALK,2456.76916
2886,AUTO,230.9505
2887,AUTO,6787.76659
2888,AUTO,1245.91004
2889,AUTO,8945.97876
2890,AUTO,1770.54735
2891,AUTO,1266.53002
2892,AUTO,730.33266
2893,AUTO,11689.11515
2893,WALK,26.75033
2894,AUTO,307.24296
2896,AUTO,240.78262
2897,AUTO,17388.97536
2898,AUTO,9474.54091
2899,AUTO,2947.79958
2899,TRANSIT,1828.79428
2900,AUTO,4168.5454
2900,TAXI_NOT_TNC,203.93172
2901,AUTO,8330.16306
2901,TRANSIT,1828.79428
2902,AUTO,885.93326
2903,AUTO,3390.76296
2904,AUTO,2508.74237
2905,AUTO,1515.31215
2906,AUTO,15733.82395
2906,SCHOOL_BUS,3704.16888
2907,AUTO,1612.13763
2908,AUTO,98.34932
2909,AUTO,6819.474
2910,AUTO,4439.7973
2910,BIKE,24.58091
2910,WALK,310.3908
2911,AUTO,4081.08309
2911,WALK,616.53853
2913,AUTO,2493.0137
2913,WALK,4527.32424
2915,AUTO,240.77444
2916,AUTO,1168.82405
2917,AUTO,1020.055
2918,AUTO,14704.27555
2918,TRANSIT,1840.37455
2919,AUTO,8103.35493
2920,AUTO,1404.95803
2920,TRANSIT,22.76534
2920,WALK,204.90634
2922,AUTO,365.68545
2922,WALK,240.77444
2951,AUTO,546.63962
2960,AUTO,153.14916
2964,AUTO,533.09538
2978,AUTO,139.35223
2979,AUTO,153.14916
